EventID,IngestedAtUTC
12847150,2026-09-02T09:20:04Z
12847154,2026-09-02T09:20:04Z
12847169,2026-09-02T09:20:04Z
12847171,2026-09-02T09:20:04Z
12847180,2026-09-02T09:20:04Z
12847670,2026-09-02T09:20:04Z
12847674,2026-09-02T09:20:04Z
12847683,2026-09-02T09:20:04Z
12847691,2026-09-02T09:20:04Z
12847693,2026-09-02T09:20:04Z
12847698,2026-09-02T09:20:04Z
12847704,2026-09-02T09:20:04Z
12847708,2026-09-02T09:20:04Z
12847717,2026-09-02T09:20:04Z
12847721,2026-09-02T09:20:04Z
12847736,2026-09-02T09:20:04Z
12847739,2026-09-02T09:20:04Z
12848159,2026-09-02T09:20:04Z
12848164,2026-09-02T09:20:04Z
12848173,2026-09-02T09:20:04Z
12848190,2026-09-02T09:20:04Z
12848199,2026-09-02T09:20:04Z
12848201,2026-09-02T09:20:04Z
12848206,2026-09-02T09:20:04Z
12848213,2026-09-02T09:20:04Z
12848217,2026-09-02T09:20:04Z
12848227,2026-09-02T09:20:04Z
12848231,2026-09-02T09:20:04Z
12848246,2026-09-02T09:20:04Z
12848248,2026-09-02T09:20:04Z
12848257,2026-09-02T09:20:04Z
12849434,2026-09-02T09:20:04Z
12849451,2026-09-02T09:20:04Z
12849460,2026-09-02T09:20:04Z
12849462,2026-09-02T09:20:04Z
12849467,2026-09-02T09:20:04Z
12849474,2026-09-02T09:20:04Z
12849478,2026-09-02T09:20:04Z
12849488,2026-09-02T09:20:04Z
12849492,2026-09-02T09:20:04Z
12849507,2026-09-02T09:20:04Z
12849509,2026-09-02T09:20:04Z
12850696,2026-09-02T09:20:04Z
12850813,2026-09-02T09:20:04Z
12850822,2026-09-02T09:20:04Z
12850868,2026-09-02T09:20:04Z
12851104,2026-09-02T09:20:04Z
12851108,2026-09-02T09:20:04Z
12851118,2026-09-02T09:20:04Z
12851122,2026-09-02T09:20:04Z
12851142,2026-09-02T09:20:04Z
12851608,2026-09-02T09:20:04Z
12851612,2026-09-02T09:20:04Z
12851614,2026-09-02T09:20:04Z
12851623,2026-09-02T09:20:04Z
12851632,2026-09-02T09:20:04Z
12851649,2026-09-02T09:20:04Z
12851658,2026-09-02T09:20:04Z
12851660,2026-09-02T09:20:04Z
12851665,2026-09-02T09:20:04Z
12851672,2026-09-02T09:20:04Z
12851676,2026-09-02T09:20:04Z
12851686,2026-09-02T09:20:04Z
12851690,2026-09-02T09:20:04Z
12851705,2026-09-02T09:20:04Z
12851707,2026-09-02T09:20:04Z
12851716,2026-09-02T09:20:04Z
12852721,2026-09-02T09:20:04Z
12852731,2026-09-02T09:20:04Z
12852736,2026-09-02T09:20:04Z
12852737,2026-09-02T09:20:04Z
12852742,2026-09-02T09:20:04Z
12852747,2026-09-02T09:20:04Z
12852752,2026-09-02T09:20:04Z
12852760,2026-09-02T09:20:04Z
12852762,2026-09-02T09:20:04Z
12852769,2026-09-02T09:20:04Z
12852770,2026-09-02T09:20:04Z
12852776,2026-09-02T09:20:04Z
12852781,2026-09-02T09:20:04Z
12853160,2026-09-02T09:20:04Z
12853163,2026-09-02T09:20:04Z
12853171,2026-09-02T09:20:04Z
12853181,2026-09-02T09:20:04Z
12853186,2026-09-02T09:20:04Z
12853187,2026-09-02T09:20:04Z
12853192,2026-09-02T09:20:04Z
12853197,2026-09-02T09:20:04Z
12853202,2026-09-02T09:20:04Z
12853210,2026-09-02T09:20:04Z
12853212,2026-09-02T09:20:04Z
12853219,2026-09-03T08:28:55Z
12853220,2026-09-03T08:28:55Z
12853226,2026-09-03T08:28:55Z
12853228,2026-09-04T06:16:12Z
12853730,2026-09-04T06:16:12Z
