Rank,Pilot,LoginID,Points,PremierPoints,Wins,Top2,Top4,Top8,Top16,Starts,PrevRank,RankChange,PrevPoints,PrevStarts,PrevTop16,PrevTop8,PrevTop4,PrevTop2,PrevWins,DPoints,DStarts,DTop16,DTop8,DTop4,DTop2,DWins,PrevPremierPoints
1,Mistakenn,2129541,30,0,2,2,5,9,12,14,1,0,30,14,12,9,5,2,2,0,0,0,0,0,0,0,0
2,rastaf,254536,28,0,0,0,3,8,17,20,2,0,28,20,17,8,3,0,0,0,0,0,0,0,0,0,0
3,hugofreitas1,1997683,22,0,1,1,3,5,12,16,3,0,22,15,12,5,3,1,1,0,1,0,0,0,0,0,0
4,nahuel10,1942357,22,0,1,2,2,6,11,17,4,0,22,17,11,6,2,2,1,0,0,0,0,0,0,0,0
5,RespectTheCat,2788118,21,6,1,3,4,4,6,6,5,0,21,6,6,4,4,3,1,0,0,0,0,0,0,0,6
6,Reiam,3106168,19,0,1,2,3,5,8,10,6,0,19,10,8,5,3,2,1,0,0,0,0,0,0,0,0
7,xfile,2449332,19,0,0,1,2,7,9,17,7,0,19,17,9,7,2,1,0,0,0,0,0,0,0,0,0
8,Cachorrowo,2720911,18,6,0,0,1,6,8,11,8,0,18,11,8,6,1,0,0,0,0,0,0,0,0,0,6
9,ShadowTitan1,2130633,17,0,1,2,4,5,5,8,9,0,17,8,5,5,4,2,1,0,0,0,0,0,0,0,0
10,HouseOfManaMTG,2669359,17,0,1,1,1,5,9,15,10,0,17,15,9,5,1,1,1,0,0,0,0,0,0,0,0
11,Manny-,2139100,17,0,0,0,2,5,10,17,11,0,17,17,10,5,2,0,0,0,0,0,0,0,0,0,0
12,MeninoNey,2903591,17,0,0,1,1,3,12,21,12,0,17,21,12,3,1,1,0,0,0,0,0,0,0,0,0
13,eclipse4343,2714224,16,0,0,2,3,4,7,10,13,0,16,9,7,4,3,2,0,0,1,0,0,0,0,0,0
14,felider,2322146,15,0,1,2,3,4,5,7,14,0,15,7,5,4,3,2,1,0,0,0,0,0,0,0,0
15,YungDingo,2928451,15,0,1,2,3,3,6,7,26,11,12,6,5,2,2,2,1,3,1,1,1,1,0,0,0
16,pepeteam,2272105,15,0,0,0,4,5,6,9,15,-1,15,9,6,5,4,0,0,0,0,0,0,0,0,0,0
17,Ale_Mtg,2683189,15,0,1,1,2,5,6,10,16,-1,15,10,6,5,2,1,1,0,0,0,0,0,0,0,0
18,ejk,1952341,15,0,0,1,3,5,6,15,18,0,14,13,5,5,3,1,0,1,2,1,0,0,0,0,0
19,Misplacedginger,736792,14,0,0,1,2,4,7,8,17,-2,14,8,7,4,2,1,0,0,0,0,0,0,0,0,0
20,toothymtg,3087786,13,0,0,1,2,5,5,5,19,-1,13,5,5,5,2,1,0,0,0,0,0,0,0,0,0
21,simoneromarm,2676235,13,0,2,2,2,3,4,6,20,-1,13,6,4,3,2,2,2,0,0,0,0,0,0,0,0
22,Latorretta,2708393,13,0,1,2,2,3,5,6,21,-1,13,6,5,3,2,2,1,0,0,0,0,0,0,0,0
23,Lightspirit,3222070,13,0,0,1,1,5,6,12,23,0,13,11,6,5,1,1,0,0,1,0,0,0,0,0,0
24,Venom01,3535587,13,0,1,1,2,4,5,13,22,-2,13,11,5,4,2,1,1,0,2,0,0,0,0,0,0
25,WanderingOnes,840020,12,0,1,1,3,3,4,4,24,-1,12,4,4,3,3,1,1,0,0,0,0,0,0,0,0
26,BressD1,1940271,12,0,2,2,2,3,3,6,25,-1,12,6,3,3,2,2,2,0,0,0,0,0,0,0,0
27,bubblywubblytubbler,3298193,12,0,1,1,2,3,5,6,27,0,12,6,5,3,2,1,1,0,0,0,0,0,0,0,0
28,Rvng,649380,12,0,0,0,1,4,7,7,28,0,12,7,7,4,1,0,0,0,0,0,0,0,0,0,0
29,TrueHero,2569009,12,0,0,1,2,3,6,8,29,0,12,8,6,3,2,1,0,0,0,0,0,0,0,0,0
30,Gobern,1847500,12,0,0,1,2,3,6,9,30,0,12,9,6,3,2,1,0,0,0,0,0,0,0,0,0
31,JPA93,1181017,12,0,0,0,1,3,8,9,31,0,12,9,8,3,1,0,0,0,0,0,0,0,0,0,0
32,ShowTime_,949859,11,0,2,2,2,2,3,3,32,0,11,3,3,2,2,2,2,0,0,0,0,0,0,0,0
33,KingCapivara,2126126,11,0,1,2,2,3,3,4,33,0,11,4,3,3,2,2,1,0,0,0,0,0,0,0,0
34,Rashek,2702005,11,0,0,1,3,3,4,5,34,0,11,5,4,3,3,1,0,0,0,0,0,0,0,0,0
35,EthanBird,2658587,11,0,0,2,2,3,4,6,35,0,11,6,4,3,2,2,0,0,0,0,0,0,0,0,0
36,makaaaa,3154401,11,2,0,1,2,3,4,8,36,0,11,8,4,3,2,1,0,0,0,0,0,0,0,0,2
37,Selfeisek,2042214,11,0,1,1,2,3,4,10,37,0,11,10,4,3,2,1,1,0,0,0,0,0,0,0,0
38,GigaChadSigmaMale,3085636,11,0,1,1,1,2,6,11,38,0,11,11,6,2,1,1,1,0,0,0,0,0,0,0,0
39,manohito,2908947,11,0,0,0,0,4,7,13,39,0,11,13,7,4,0,0,0,0,0,0,0,0,0,0,0
40,musasabi,1210536,11,0,0,0,1,1,9,15,40,0,11,15,9,1,1,0,0,0,0,0,0,0,0,0,0
41,ItsSwiftyTime,2847686,10,10,1,1,1,1,1,1,41,0,10,1,1,1,1,1,1,0,0,0,0,0,0,0,10
42,yama33,1758149,10,0,1,2,2,2,3,4,42,0,10,4,3,2,2,2,1,0,0,0,0,0,0,0,0
43,unagieel,815932,10,0,0,0,2,2,6,6,43,0,10,6,6,2,2,0,0,0,0,0,0,0,0,0,0
44,Chichichi,2788809,10,2,0,0,2,2,5,6,44,0,10,6,5,2,2,0,0,0,0,0,0,0,0,0,2
45,Savior0117,2464763,10,0,0,0,1,4,5,6,45,0,10,6,5,4,1,0,0,0,0,0,0,0,0,0,0
46,DemianDesposito10,2747375,10,0,0,1,2,3,4,9,46,0,10,9,4,3,2,1,0,0,0,0,0,0,0,0,0
47,Xsper,3056706,10,0,0,0,0,3,7,11,47,0,10,11,7,3,0,0,0,0,0,0,0,0,0,0,0
48,Univerce,2926088,9,0,0,0,1,3,5,6,48,0,9,6,5,3,1,0,0,0,0,0,0,0,0,0,0
49,TheSchnook,3198544,9,0,0,1,2,2,4,7,49,0,9,7,4,2,2,1,0,0,0,0,0,0,0,0,0
50,Varo,923582,9,0,1,1,1,2,4,9,50,0,9,9,4,2,1,1,1,0,0,0,0,0,0,0,0
51,Tree42o,875470,9,0,0,0,1,2,6,12,85,34,7,11,5,1,1,0,0,2,1,1,1,0,0,0,0
52,AllanonCEW,3062019,8,8,0,1,1,1,1,1,51,-1,8,1,1,1,1,1,0,0,0,0,0,0,0,0,8
53,stefansson30952,3405508,8,0,1,1,2,2,2,2,52,-1,8,2,2,2,2,1,1,0,0,0,0,0,0,0,0
54,ryuumei,933670,8,0,1,1,1,1,4,4,53,-1,8,4,4,1,1,1,1,0,0,0,0,0,0,0,0
55,nedyahiske,2404093,8,0,0,1,1,2,4,4,54,-1,8,4,4,2,1,1,0,0,0,0,0,0,0,0,0
56,mommydom_manifesto,3227644,8,0,1,1,2,2,2,5,55,-1,8,5,2,2,2,1,1,0,0,0,0,0,0,0,0
57,NathanOfTheGiltLeaf,2968680,8,0,0,0,2,2,4,5,139,82,5,4,3,1,1,0,0,3,1,1,1,1,0,0,0
58,Brunes,2764694,8,2,0,0,2,2,3,5,56,-2,8,5,3,2,2,0,0,0,0,0,0,0,0,0,2
59,Dydyk95,2940494,8,0,1,1,1,2,3,6,57,-2,8,6,3,2,1,1,1,0,0,0,0,0,0,0,0
60,Alakai,676549,8,0,1,1,1,1,4,6,58,-2,8,6,4,1,1,1,1,0,0,0,0,0,0,0,0
61,MercurialChemister,2839061,8,0,0,0,1,3,4,7,59,-2,8,7,4,3,1,0,0,0,0,0,0,0,0,0,0
62,Azja,2751360,8,0,0,0,1,1,6,7,60,-2,8,7,6,1,1,0,0,0,0,0,0,0,0,0,0
63,oinkmage22,2858193,8,0,0,0,0,3,5,7,61,-2,8,7,5,3,0,0,0,0,0,0,0,0,0,0,0
64,Mikebrav,726347,8,0,1,1,1,2,3,8,62,-2,8,8,3,2,1,1,1,0,0,0,0,0,0,0,0
65,quinniac,2261440,8,0,0,0,2,2,4,8,63,-2,8,8,4,2,2,0,0,0,0,0,0,0,0,0,0
66,oskiyaa,1111702,8,0,1,1,1,2,3,10,64,-2,8,10,3,2,1,1,1,0,0,0,0,0,0,0,0
67,JV_7777,2045296,8,0,0,1,1,2,4,10,65,-2,8,10,4,2,1,1,0,0,0,0,0,0,0,0,0
68,almostomniscient,2563273,7,0,1,1,1,2,2,2,66,-2,7,2,2,2,1,1,1,0,0,0,0,0,0,0,0
69,kasiso,2257869,7,0,0,1,2,2,2,2,67,-2,7,2,2,2,2,1,0,0,0,0,0,0,0,0,0
70,Sodeq,1754547,7,0,1,1,1,2,2,3,68,-2,7,3,2,2,1,1,1,0,0,0,0,0,0,0,0
71,McWinSauce,803141,7,0,0,1,2,2,2,3,69,-2,7,3,2,2,2,1,0,0,0,0,0,0,0,0,0
72,gazmon48,1636994,7,0,0,0,2,2,3,3,70,-2,7,3,3,2,2,0,0,0,0,0,0,0,0,0,0
73,ResponsiblyStupid,3050181,7,0,0,0,1,3,3,3,71,-2,7,3,3,3,1,0,0,0,0,0,0,0,0,0,0
74,FacadeJK,2916207,7,0,1,1,1,1,3,4,72,-2,7,4,3,1,1,1,1,0,0,0,0,0,0,0,0
75,RNicoF,2753736,7,0,0,1,2,2,2,4,73,-2,7,4,2,2,2,1,0,0,0,0,0,0,0,0,0
76,Marxelo,277034,7,0,0,0,2,2,3,4,74,-2,7,4,3,2,2,0,0,0,0,0,0,0,0,0,0
77,Omegauo,30930,7,0,1,1,1,1,3,5,75,-2,7,5,3,1,1,1,1,0,0,0,0,0,0,0,0
78,Kritik,2707200,7,0,0,0,2,2,3,5,76,-2,7,5,3,2,2,0,0,0,0,0,0,0,0,0,0
79,shindy,1237388,7,0,0,0,1,3,3,5,77,-2,7,5,3,3,1,0,0,0,0,0,0,0,0,0,0
80,nikroulah,2134926,7,0,0,0,1,3,3,5,78,-2,7,5,3,3,1,0,0,0,0,0,0,0,0,0,0
81,katuo079595,1937688,7,0,0,0,1,1,5,5,79,-2,7,5,5,1,1,0,0,0,0,0,0,0,0,0,0
82,Arcbound_Papi,2137107,7,0,0,0,0,2,5,6,100,18,6,5,4,2,0,0,0,1,1,1,0,0,0,0,0
83,Uagli1,2680052,7,0,0,0,0,2,5,7,80,-3,7,7,5,2,0,0,0,0,0,0,0,0,0,0,0
84,Jumba,2618500,7,0,0,1,1,2,3,8,81,-3,7,8,3,2,1,1,0,0,0,0,0,0,0,0,0
85,ipadkid,3560747,7,0,1,1,1,1,3,9,82,-3,7,9,3,1,1,1,1,0,0,0,0,0,0,0,0
86,Kollslaw,3311758,7,0,0,0,1,2,4,9,83,-3,7,9,4,2,1,0,0,0,0,0,0,0,0,0,0
87,alexeezayyy,1126161,7,0,1,1,1,1,3,10,84,-3,7,10,3,1,1,1,1,0,0,0,0,0,0,0,0
88,pedronavaja,3540949,7,0,0,0,0,2,5,12,86,-2,7,12,5,2,0,0,0,0,0,0,0,0,0,0,0
89,Xenowan,2614008,6,0,0,1,1,2,2,3,88,-1,6,3,2,2,1,1,0,0,0,0,0,0,0,0,0
90,Bugsy69,2537822,6,0,0,0,1,2,3,3,89,-1,6,3,3,2,1,0,0,0,0,0,0,0,0,0,0
91,Riftbound,3502250,6,0,0,0,0,3,3,3,90,-1,6,3,3,3,0,0,0,0,0,0,0,0,0,0,0
92,Grogore,2664302,6,0,1,1,1,1,2,4,87,-5,6,3,2,1,1,1,1,0,1,0,0,0,0,0,0
93,jayrod115,2760324,6,0,1,1,1,1,2,4,124,31,5,3,1,1,1,1,1,1,1,1,0,0,0,0,0
94,Navigator_2505,2831449,6,0,1,1,1,1,2,4,91,-3,6,4,2,1,1,1,1,0,0,0,0,0,0,0,0
95,MayoDominaria,1112102,6,0,0,0,1,2,3,4,92,-3,6,4,3,2,1,0,0,0,0,0,0,0,0,0,0
96,Mapletreefrog,1557079,6,0,0,0,1,2,3,4,93,-3,6,4,3,2,1,0,0,0,0,0,0,0,0,0,0
97,Clesss,2250193,6,0,0,0,1,2,3,4,94,-3,6,4,3,2,1,0,0,0,0,0,0,0,0,0,0
98,Foxantes,2092644,6,0,0,0,0,2,4,4,180,82,4,3,3,1,0,0,0,2,1,1,1,0,0,0,0
99,Serosocram,3477626,6,0,1,1,1,1,2,5,96,-3,6,5,2,1,1,1,1,0,0,0,0,0,0,0,0
100,scipios,2454058,6,0,0,1,1,1,3,5,97,-3,6,5,3,1,1,1,0,0,0,0,0,0,0,0,0
101,PrismaticPrism,3542423,6,0,0,0,1,1,4,5,98,-3,6,5,4,1,1,0,0,0,0,0,0,0,0,0,0
102,Laplasjan,1706283,6,0,0,0,0,3,3,5,99,-3,6,5,3,3,0,0,0,0,0,0,0,0,0,0,0
103,niuwaid001,2372533,6,0,0,0,0,2,4,5,101,-2,6,5,4,2,0,0,0,0,0,0,0,0,0,0,0
104,gingeralegames,3394612,6,0,0,0,0,2,4,5,95,-9,6,4,4,2,0,0,0,0,1,0,0,0,0,0,0
105,MarcoBelacca95,2680406,6,0,0,0,0,1,5,6,143,38,5,5,4,1,0,0,0,1,1,1,0,0,0,0,0
106,Thunus,3076886,6,0,0,0,0,2,4,8,102,-4,6,8,4,2,0,0,0,0,0,0,0,0,0,0,0
107,LucasG1ggs,750888,6,0,0,0,0,1,5,13,103,-4,6,12,5,1,0,0,0,0,1,0,0,0,0,0,0
108,Fransadness,3143623,6,0,0,0,0,0,6,15,104,-4,6,14,6,0,0,0,0,0,1,0,0,0,0,0,0
109,WolfgangCloud,771092,5,0,1,1,1,1,1,1,105,-4,5,1,1,1,1,1,1,0,0,0,0,0,0,0,0
110,moon11,1471145,5,0,1,1,1,1,1,1,106,-4,5,1,1,1,1,1,1,0,0,0,0,0,0,0,0
111,maimai13,1533619,5,0,1,1,1,1,1,1,107,-4,5,1,1,1,1,1,1,0,0,0,0,0,0,0,0
112,bomberboss,2013138,5,0,1,1,1,1,1,1,109,-3,5,1,1,1,1,1,1,0,0,0,0,0,0,0,0
113,416FrowningTable,2397690,5,0,1,1,1,1,1,1,,,,,,,,,,,,,,,,,
114,ashame,2761370,5,0,1,1,1,1,1,1,110,-4,5,1,1,1,1,1,1,0,0,0,0,0,0,0,0
115,Arremangado,2850981,5,0,1,1,1,1,1,1,,,,,,,,,,,,,,,,,
116,Special_Boy,3058922,5,0,1,1,1,1,1,1,111,-5,5,1,1,1,1,1,1,0,0,0,0,0,0,0,0
117,powered_by_VANYA,3169940,5,0,1,1,1,1,1,1,112,-5,5,1,1,1,1,1,1,0,0,0,0,0,0,0,0
118,4FunNoWin,3479773,5,0,1,1,1,1,1,1,113,-5,5,1,1,1,1,1,1,0,0,0,0,0,0,0,0
119,schnda,20216,5,0,1,1,1,1,1,2,114,-5,5,2,1,1,1,1,1,0,0,0,0,0,0,0,0
120,renatoaraujo,864036,5,0,1,1,1,1,1,2,115,-5,5,2,1,1,1,1,1,0,0,0,0,0,0,0,0
121,yunk3r,1113267,5,0,1,1,1,1,1,2,116,-5,5,2,1,1,1,1,1,0,0,0,0,0,0,0,0
122,Bagoot,1155448,5,0,1,1,1,1,1,2,117,-5,5,2,1,1,1,1,1,0,0,0,0,0,0,0,0
123,albert62,1574579,5,0,1,1,1,1,1,2,108,-15,5,1,1,1,1,1,1,0,1,0,0,0,0,0,0
124,Iaashadow,2712707,5,0,1,1,1,1,1,2,118,-6,5,2,1,1,1,1,1,0,0,0,0,0,0,0,0
125,paynyos0232,3501750,5,0,1,1,1,1,1,2,119,-6,5,2,1,1,1,1,1,0,0,0,0,0,0,0,0
126,hanshq,737594,5,0,0,1,1,1,2,2,120,-6,5,2,2,1,1,1,0,0,0,0,0,0,0,0,0
127,keyaki,1964351,5,0,0,1,1,1,2,2,121,-6,5,2,2,1,1,1,0,0,0,0,0,0,0,0,0
128,KapoUzumaki11,3428793,5,0,0,1,1,1,2,2,122,-6,5,2,2,1,1,1,0,0,0,0,0,0,0,0,0
129,Watchwolf92,574591,5,0,1,1,1,1,1,3,123,-6,5,3,1,1,1,1,1,0,0,0,0,0,0,0,0
130,mlex,2229031,5,0,0,1,1,1,2,3,125,-5,5,3,2,1,1,1,0,0,0,0,0,0,0,0,0
131,Pleyboy,2822464,5,0,0,1,1,1,2,3,126,-5,5,3,2,1,1,1,0,0,0,0,0,0,0,0,0
132,Linden_43,3041704,5,0,0,1,1,1,2,3,127,-5,5,3,2,1,1,1,0,0,0,0,0,0,0,0,0
133,E90_DeliveryBoy,3122660,5,0,0,1,1,1,2,3,128,-5,5,3,2,1,1,1,0,0,0,0,0,0,0,0,0
134,CarlosZ,194753,5,0,0,0,1,2,2,3,129,-5,5,3,2,2,1,0,0,0,0,0,0,0,0,0,0
135,OafMcNamara,1018764,5,0,0,0,1,2,2,3,130,-5,5,3,2,2,1,0,0,0,0,0,0,0,0,0,0
136,henry_morehouse,1872783,5,0,0,0,1,2,2,3,131,-5,5,3,2,2,1,0,0,0,0,0,0,0,0,0,0
137,claudio0907,1059076,5,0,0,0,0,2,3,3,132,-5,5,3,3,2,0,0,0,0,0,0,0,0,0,0,0
138,SlankyPotato,3161045,5,0,0,0,0,2,3,3,133,-5,5,3,3,2,0,0,0,0,0,0,0,0,0,0,0
139,Sciacallo_Rosso,940897,5,0,1,1,1,1,1,4,134,-5,5,4,1,1,1,1,1,0,0,0,0,0,0,0,0
140,Capitano_CL,535716,5,0,0,1,1,1,2,4,135,-5,5,4,2,1,1,1,0,0,0,0,0,0,0,0,0
141,Sam_Lewin,2092528,5,0,0,1,1,1,2,4,136,-5,5,4,2,1,1,1,0,0,0,0,0,0,0,0,0
142,bananadisaster,3442638,5,0,0,1,1,1,2,4,137,-5,5,4,2,1,1,1,0,0,0,0,0,0,0,0,0
143,meanfannypack,1703735,5,0,0,0,1,2,2,4,138,-5,5,4,2,2,1,0,0,0,0,0,0,0,0,0,0
144,surgetemelo,3473231,5,0,0,0,0,2,3,4,140,-4,5,4,3,2,0,0,0,0,0,0,0,0,0,0,0
145,Darkchrome6538,2877405,5,0,1,1,1,1,1,5,141,-4,5,5,1,1,1,1,1,0,0,0,0,0,0,0,0
146,choobes,2304638,5,0,0,1,1,1,2,5,470,324,1,4,1,0,0,0,0,4,1,1,1,1,1,0,0
147,Slasher21,2522150,5,0,0,1,1,1,2,5,471,324,1,4,1,0,0,0,0,4,1,1,1,1,1,0,0
148,GWT,3544040,5,0,0,0,1,2,2,5,329,181,2,4,1,1,0,0,0,3,1,1,1,1,0,0,0
149,Smallforest,2651001,5,0,0,0,0,1,4,5,142,-7,5,5,4,1,0,0,0,0,0,0,0,0,0,0,0
150,Deathmaxx,2995055,5,0,0,0,0,1,4,5,144,-6,5,5,4,1,0,0,0,0,0,0,0,0,0,0,0
151,justFeather,2446403,5,0,0,0,0,2,3,6,145,-6,5,6,3,2,0,0,0,0,0,0,0,0,0,0,0
152,DelverOfBolts,2688845,5,0,0,0,1,2,2,8,146,-6,5,8,2,2,1,0,0,0,0,0,0,0,0,0,0
153,Piglet,1402171,5,0,0,0,1,1,3,8,147,-6,5,8,3,1,1,0,0,0,0,0,0,0,0,0,0
154,Tetsubou,1700365,5,0,0,0,1,1,3,9,148,-6,5,9,3,1,1,0,0,0,0,0,0,0,0,0,0
155,xl_snapcaster,2232658,5,0,0,0,1,1,3,9,149,-6,5,9,3,1,1,0,0,0,0,0,0,0,0,0,0
156,Dasikk,3469379,5,2,0,0,0,1,3,9,150,-6,5,9,3,1,0,0,0,0,0,0,0,0,0,0,2
157,zturchan,476834,4,0,0,1,1,1,1,1,151,-6,4,1,1,1,1,1,0,0,0,0,0,0,0,0,0
158,connormc02,1221790,4,0,0,1,1,1,1,1,152,-6,4,1,1,1,1,1,0,0,0,0,0,0,0,0,0
159,D00mwake,1226387,4,0,0,1,1,1,1,1,153,-6,4,1,1,1,1,1,0,0,0,0,0,0,0,0,0
160,xhpc007,1652812,4,0,0,1,1,1,1,1,154,-6,4,1,1,1,1,1,0,0,0,0,0,0,0,0,0
161,azax,2199282,4,0,0,1,1,1,1,1,155,-6,4,1,1,1,1,1,0,0,0,0,0,0,0,0,0
162,yuhewang,2275355,4,0,0,1,1,1,1,1,156,-6,4,1,1,1,1,1,0,0,0,0,0,0,0,0,0
163,Chub_Toad_,2702720,4,0,0,1,1,1,1,1,157,-6,4,1,1,1,1,1,0,0,0,0,0,0,0,0,0
164,optivial,3140486,4,0,0,1,1,1,1,1,158,-6,4,1,1,1,1,1,0,0,0,0,0,0,0,0,0
165,Odin2015,3306092,4,0,0,1,1,1,1,1,159,-6,4,1,1,1,1,1,0,0,0,0,0,0,0,0,0
166,_Shikamaru_,3332226,4,0,0,1,1,1,1,1,160,-6,4,1,1,1,1,1,0,0,0,0,0,0,0,0,0
167,MasterGarrix,3452649,4,0,0,1,1,1,1,1,161,-6,4,1,1,1,1,1,0,0,0,0,0,0,0,0,0
168,wasian_persuasion,3531442,4,0,0,1,1,1,1,1,162,-6,4,1,1,1,1,1,0,0,0,0,0,0,0,0,0
169,Curtisaxel,1911445,4,4,0,0,0,1,1,1,163,-6,4,1,1,1,0,0,0,0,0,0,0,0,0,0,4
170,MikeyCoppola365,2627543,4,4,0,0,0,1,1,1,164,-6,4,1,1,1,0,0,0,0,0,0,0,0,0,0,4
171,maximusdee,1805036,4,0,0,1,1,1,1,2,165,-6,4,2,1,1,1,1,0,0,0,0,0,0,0,0,0
172,jakobpablo,2856109,4,0,0,1,1,1,1,2,166,-6,4,2,1,1,1,1,0,0,0,0,0,0,0,0,0
173,IronBeagle,2972314,4,0,0,1,1,1,1,2,167,-6,4,2,1,1,1,1,0,0,0,0,0,0,0,0,0
174,woopdeloop,3494571,4,0,0,1,1,1,1,2,168,-6,4,2,1,1,1,1,0,0,0,0,0,0,0,0,0
175,myra00,2884439,4,0,0,0,1,1,2,2,169,-6,4,2,2,1,1,0,0,0,0,0,0,0,0,0,0
176,Craig_Long123,3364560,4,0,0,0,1,1,2,2,170,-6,4,2,2,1,1,0,0,0,0,0,0,0,0,0,0
177,MahfuzVanGogh,1932562,4,0,0,0,0,2,2,2,171,-6,4,2,2,2,0,0,0,0,0,0,0,0,0,0,0
178,Erik157751,2578127,4,0,0,0,0,2,2,2,172,-6,4,2,2,2,0,0,0,0,0,0,0,0,0,0,0
179,ChinaNO2,2881508,4,0,0,0,0,2,2,2,173,-6,4,2,2,2,0,0,0,0,0,0,0,0,0,0,0
180,AlexanderRosdahl,1635278,4,4,0,0,0,1,1,2,174,-6,4,2,1,1,0,0,0,0,0,0,0,0,0,0,4
181,Porks,2796105,4,0,0,1,1,1,1,3,175,-6,4,3,1,1,1,1,0,0,0,0,0,0,0,0,0
182,derlumberzack,1126781,4,0,0,0,1,1,2,3,176,-6,4,3,2,1,1,0,0,0,0,0,0,0,0,0,0
183,Fatcaster_Mage,2660106,4,0,0,0,1,1,2,3,177,-6,4,3,2,1,1,0,0,0,0,0,0,0,0,0,0
184,Flossing,1054408,4,0,0,0,0,2,2,3,178,-6,4,3,2,2,0,0,0,0,0,0,0,0,0,0,0
185,Darthkid,2001916,4,0,0,0,0,2,2,3,179,-6,4,3,2,2,0,0,0,0,0,0,0,0,0,0,0
186,svessesvv,2198387,4,0,0,0,0,1,3,3,181,-5,4,3,3,1,0,0,0,0,0,0,0,0,0,0,0
187,Suechtler,962368,4,0,0,0,1,1,2,4,182,-5,4,4,2,1,1,0,0,0,0,0,0,0,0,0,0
188,gyyby297,1526577,4,0,0,0,0,1,3,4,183,-5,4,4,3,1,0,0,0,0,0,0,0,0,0,0,0
189,duanceyao,1727039,4,0,0,0,0,1,3,4,184,-5,4,4,3,1,0,0,0,0,0,0,0,0,0,0,0
190,Gerschi,1084298,4,4,0,0,0,1,1,4,185,-5,4,4,1,1,0,0,0,0,0,0,0,0,0,0,4
191,Nangurus,2045661,4,0,0,0,1,1,2,5,186,-5,4,5,2,1,1,0,0,0,0,0,0,0,0,0,0
192,Kihara_Works,2278761,4,0,0,0,1,1,2,5,187,-5,4,5,2,1,1,0,0,0,0,0,0,0,0,0,0
193,elBB,3003904,4,0,0,0,1,1,2,5,188,-5,4,5,2,1,1,0,0,0,0,0,0,0,0,0,0
194,kthanakit26,2122697,4,0,0,0,0,2,2,5,327,133,2,4,1,1,0,0,0,2,1,1,1,0,0,0,0
195,AzureMoon,3158693,4,0,0,0,0,1,3,5,189,-6,4,5,3,1,0,0,0,0,0,0,0,0,0,0,0
196,WhiteNinja,3555118,4,0,0,0,0,1,3,6,337,141,2,5,2,0,0,0,0,2,1,1,1,0,0,0,0
197,myk_60_csa,777432,3,0,0,0,1,1,1,1,190,-7,3,1,1,1,1,0,0,0,0,0,0,0,0,0,0
198,lazerbeam,968652,3,0,0,0,1,1,1,1,191,-7,3,1,1,1,1,0,0,0,0,0,0,0,0,0,0
199,Aldreen,1074736,3,0,0,0,1,1,1,1,192,-7,3,1,1,1,1,0,0,0,0,0,0,0,0,0,0
200,DannyStarchild,1802874,3,0,0,0,1,1,1,1,193,-7,3,1,1,1,1,0,0,0,0,0,0,0,0,0,0
201,RGNKPheonix20,1995507,3,0,0,0,1,1,1,1,194,-7,3,1,1,1,1,0,0,0,0,0,0,0,0,0,0
202,Sunbird17,2235773,3,0,0,0,1,1,1,1,195,-7,3,1,1,1,1,0,0,0,0,0,0,0,0,0,0
203,NAP_DARKMAGE_MJM,2267386,3,0,0,0,1,1,1,1,196,-7,3,1,1,1,1,0,0,0,0,0,0,0,0,0,0
204,SimoCr,2713675,3,0,0,0,1,1,1,1,197,-7,3,1,1,1,1,0,0,0,0,0,0,0,0,0,0
205,TheSandwichKing,2733023,3,0,0,0,1,1,1,1,198,-7,3,1,1,1,1,0,0,0,0,0,0,0,0,0,0
206,-Nausea-,2759230,3,0,0,0,1,1,1,1,199,-7,3,1,1,1,1,0,0,0,0,0,0,0,0,0,0
207,BowBloBiw,2768190,3,0,0,0,1,1,1,1,200,-7,3,1,1,1,1,0,0,0,0,0,0,0,0,0,0
208,vdboule,2780151,3,0,0,0,1,1,1,1,201,-7,3,1,1,1,1,0,0,0,0,0,0,0,0,0,0
209,Baggedmilkman,2806459,3,0,0,0,1,1,1,1,202,-7,3,1,1,1,1,0,0,0,0,0,0,0,0,0,0
210,Celethil,3072920,3,0,0,0,1,1,1,1,203,-7,3,1,1,1,1,0,0,0,0,0,0,0,0,0,0
211,SureThing,3082695,3,0,0,0,1,1,1,1,,,,,,,,,,,,,,,,,
212,Mattatoio,3349386,3,0,0,0,1,1,1,1,204,-8,3,1,1,1,1,0,0,0,0,0,0,0,0,0,0
213,TonyRockyHorror9,3422248,3,0,0,0,1,1,1,1,205,-8,3,1,1,1,1,0,0,0,0,0,0,0,0,0,0
214,sioutis_kk,3499660,3,0,0,0,1,1,1,1,206,-8,3,1,1,1,1,0,0,0,0,0,0,0,0,0,0
215,aidiot,3567825,3,0,0,0,1,1,1,1,207,-8,3,1,1,1,1,0,0,0,0,0,0,0,0,0,0
216,imthekiing,639998,3,0,0,0,1,1,1,2,208,-8,3,2,1,1,1,0,0,0,0,0,0,0,0,0,0
217,Patxi,821319,3,0,0,0,1,1,1,2,209,-8,3,2,1,1,1,0,0,0,0,0,0,0,0,0,0
218,morris,1198783,3,0,0,0,1,1,1,2,210,-8,3,2,1,1,1,0,0,0,0,0,0,0,0,0,0
219,KinderAttack,2200478,3,0,0,0,1,1,1,2,211,-8,3,2,1,1,1,0,0,0,0,0,0,0,0,0,0
220,Lollopollo2001,2373595,3,0,0,0,1,1,1,2,212,-8,3,2,1,1,1,0,0,0,0,0,0,0,0,0,0
221,Matts,2631782,3,0,0,0,1,1,1,2,213,-8,3,2,1,1,1,0,0,0,0,0,0,0,0,0,0
222,Off1ine__,2856617,3,0,0,0,1,1,1,2,214,-8,3,2,1,1,1,0,0,0,0,0,0,0,0,0,0
223,HuUeBR,2981401,3,0,0,0,1,1,1,2,215,-8,3,2,1,1,1,0,0,0,0,0,0,0,0,0,0
224,TheColorOfBoom,3359144,3,0,0,0,1,1,1,2,216,-8,3,2,1,1,1,0,0,0,0,0,0,0,0,0,0
225,Kuhmero,1076951,3,0,0,0,0,1,2,2,217,-8,3,2,2,1,0,0,0,0,0,0,0,0,0,0,0
226,TomBombadi1,2607787,3,0,0,0,0,1,2,2,218,-8,3,2,2,1,0,0,0,0,0,0,0,0,0,0,0
227,narca,2776772,3,0,0,0,0,1,2,2,220,-7,3,2,2,1,0,0,0,0,0,0,0,0,0,0,0
228,Kizdar,2897184,3,0,0,0,0,1,2,2,221,-7,3,2,2,1,0,0,0,0,0,0,0,0,0,0,0
229,ShikiXYZ,1188705,3,0,0,0,1,1,1,3,222,-7,3,3,1,1,1,0,0,0,0,0,0,0,0,0,0
230,Imaeda,1304755,3,0,0,0,1,1,1,3,223,-7,3,3,1,1,1,0,0,0,0,0,0,0,0,0,0
231,Ivan_Draw_Go,2679669,3,0,0,0,1,1,1,3,224,-7,3,3,1,1,1,0,0,0,0,0,0,0,0,0,0
232,RCMerriam,1041920,3,0,0,0,0,1,2,3,225,-7,3,3,2,1,0,0,0,0,0,0,0,0,0,0,0
233,Martin_Dominguez,1755256,3,0,0,0,0,1,2,3,226,-7,3,3,2,1,0,0,0,0,0,0,0,0,0,0,0
234,jvidarte,2651868,3,0,0,0,0,1,2,3,219,-15,3,2,2,1,0,0,0,0,1,0,0,0,0,0,0
235,komattaman,2690217,3,0,0,0,0,1,2,3,227,-8,3,3,2,1,0,0,0,0,0,0,0,0,0,0,0
236,eswaff,3135877,3,0,0,0,0,1,2,3,228,-8,3,3,2,1,0,0,0,0,0,0,0,0,0,0,0
237,Bambil,3574196,3,0,0,0,0,1,2,3,229,-8,3,3,2,1,0,0,0,0,0,0,0,0,0,0,0
238,msmayer,1215962,3,0,0,0,0,0,3,3,230,-8,3,3,3,0,0,0,0,0,0,0,0,0,0,0,0
239,JuanmaAT,2695862,3,0,0,0,0,0,3,3,231,-8,3,3,3,0,0,0,0,0,0,0,0,0,0,0,0
240,bayjen_,2909055,3,0,0,0,0,0,3,3,232,-8,3,3,3,0,0,0,0,0,0,0,0,0,0,0,0
241,pattiepattie,3351004,3,0,0,0,0,0,3,3,233,-8,3,3,3,0,0,0,0,0,0,0,0,0,0,0,0
242,kattsu,3405528,3,0,0,0,0,0,3,3,234,-8,3,3,3,0,0,0,0,0,0,0,0,0,0,0,0
243,HolaChico,3485421,3,0,0,0,1,1,1,4,235,-8,3,4,1,1,1,0,0,0,0,0,0,0,0,0,0
244,MyrRetriever,3006274,3,0,0,0,0,1,2,4,236,-8,3,4,2,1,0,0,0,0,0,0,0,0,0,0,0
245,prophopper,3244221,3,0,0,0,0,1,2,4,237,-8,3,4,2,1,0,0,0,0,0,0,0,0,0,0,0
246,Redman1034,3363119,3,0,0,0,0,1,2,4,238,-8,3,4,2,1,0,0,0,0,0,0,0,0,0,0,0
247,DragonFodder,415299,3,0,0,0,0,0,3,4,239,-8,3,4,3,0,0,0,0,0,0,0,0,0,0,0,0
248,Grischdl,2681378,3,0,0,0,0,0,3,4,240,-8,3,4,3,0,0,0,0,0,0,0,0,0,0,0,0
249,peter780108,1742159,3,0,0,0,0,1,2,5,241,-8,3,5,2,1,0,0,0,0,0,0,0,0,0,0,0
250,O_danielakos,1017550,3,0,0,0,0,0,3,5,242,-8,3,5,3,0,0,0,0,0,0,0,0,0,0,0,0
251,Certified_Noob,2847760,3,0,0,0,0,0,3,5,243,-8,3,5,3,0,0,0,0,0,0,0,0,0,0,0,0
252,reidq7,3155916,3,0,0,0,0,1,2,6,334,82,2,5,1,1,0,0,0,1,1,1,0,0,0,0,0
253,selesneal,1618758,3,0,0,0,0,0,3,6,245,-8,3,6,3,0,0,0,0,0,0,0,0,0,0,0,0
254,SanPop,2621451,3,0,0,0,0,1,2,7,244,-10,3,6,2,1,0,0,0,0,1,0,0,0,0,0,0
255,bozo2112,2309846,3,0,0,0,0,1,2,9,246,-9,3,9,2,1,0,0,0,0,0,0,0,0,0,0,0
256,_Falcon_,2498069,3,0,0,0,0,0,3,9,247,-9,3,9,3,0,0,0,0,0,0,0,0,0,0,0,0
257,triosk,670831,2,0,0,0,0,1,1,1,248,-9,2,1,1,1,0,0,0,0,0,0,0,0,0,0,0
258,Bent,745439,2,0,0,0,0,1,1,1,,,,,,,,,,,,,,,,,
259,Micro,756400,2,0,0,0,0,1,1,1,249,-10,2,1,1,1,0,0,0,0,0,0,0,0,0,0,0
260,TheAdonis,931591,2,0,0,0,0,1,1,1,250,-10,2,1,1,1,0,0,0,0,0,0,0,0,0,0,0
261,Daniele123,991522,2,0,0,0,0,1,1,1,251,-10,2,1,1,1,0,0,0,0,0,0,0,0,0,0,0
262,Stanshine,993288,2,0,0,0,0,1,1,1,252,-10,2,1,1,1,0,0,0,0,0,0,0,0,0,0,0
263,Scappie,1129308,2,0,0,0,0,1,1,1,253,-10,2,1,1,1,0,0,0,0,0,0,0,0,0,0,0
264,ionez,1296445,2,0,0,0,0,1,1,1,254,-10,2,1,1,1,0,0,0,0,0,0,0,0,0,0,0
265,MissTrigger,1390771,2,0,0,0,0,1,1,1,,,,,,,,,,,,,,,,,
266,bruno_bto,1412491,2,0,0,0,0,1,1,1,255,-11,2,1,1,1,0,0,0,0,0,0,0,0,0,0,0
267,cnoz,1555238,2,0,0,0,0,1,1,1,256,-11,2,1,1,1,0,0,0,0,0,0,0,0,0,0,0
268,doom580,1672563,2,0,0,0,0,1,1,1,257,-11,2,1,1,1,0,0,0,0,0,0,0,0,0,0,0
269,Tatsumaki_,1741838,2,0,0,0,0,1,1,1,258,-11,2,1,1,1,0,0,0,0,0,0,0,0,0,0,0
270,TheKG,1965391,2,0,0,0,0,1,1,1,259,-11,2,1,1,1,0,0,0,0,0,0,0,0,0,0,0
271,bkubit,2153835,2,0,0,0,0,1,1,1,260,-11,2,1,1,1,0,0,0,0,0,0,0,0,0,0,0
272,KingHairy,2185747,2,0,0,0,0,1,1,1,261,-11,2,1,1,1,0,0,0,0,0,0,0,0,0,0,0
273,deftjad,2276700,2,0,0,0,0,1,1,1,262,-11,2,1,1,1,0,0,0,0,0,0,0,0,0,0,0
274,Damgar,2342880,2,0,0,0,0,1,1,1,264,-10,2,1,1,1,0,0,0,0,0,0,0,0,0,0,0
275,ilGianB1,2358671,2,0,0,0,0,1,1,1,265,-10,2,1,1,1,0,0,0,0,0,0,0,0,0,0,0
276,SomethinStupid,2388082,2,0,0,0,0,1,1,1,266,-10,2,1,1,1,0,0,0,0,0,0,0,0,0,0,0
277,Retrisma,2700947,2,0,0,0,0,1,1,1,267,-10,2,1,1,1,0,0,0,0,0,0,0,0,0,0,0
278,DJK3V1N,2717078,2,0,0,0,0,1,1,1,268,-10,2,1,1,1,0,0,0,0,0,0,0,0,0,0,0
279,ice_nine_BIGFAN,2851797,2,0,0,0,0,1,1,1,269,-10,2,1,1,1,0,0,0,0,0,0,0,0,0,0,0
280,Peytis,2861509,2,0,0,0,0,1,1,1,270,-10,2,1,1,1,0,0,0,0,0,0,0,0,0,0,0
281,XantosCell,2914916,2,0,0,0,0,1,1,1,271,-10,2,1,1,1,0,0,0,0,0,0,0,0,0,0,0
282,wutey,2916560,2,0,0,0,0,1,1,1,272,-10,2,1,1,1,0,0,0,0,0,0,0,0,0,0,0
283,yulinl,2918398,2,0,0,0,0,1,1,1,273,-10,2,1,1,1,0,0,0,0,0,0,0,0,0,0,0
284,notoary,2969698,2,0,0,0,0,1,1,1,274,-10,2,1,1,1,0,0,0,0,0,0,0,0,0,0,0
285,Bok_Choy_,2999477,2,0,0,0,0,1,1,1,275,-10,2,1,1,1,0,0,0,0,0,0,0,0,0,0,0
286,KillerWhale01,3247117,2,0,0,0,0,1,1,1,276,-10,2,1,1,1,0,0,0,0,0,0,0,0,0,0,0
287,Athenani,3293663,2,0,0,0,0,1,1,1,277,-10,2,1,1,1,0,0,0,0,0,0,0,0,0,0,0
288,Proxymoron,3391075,2,0,0,0,0,1,1,1,278,-10,2,1,1,1,0,0,0,0,0,0,0,0,0,0,0
289,Chocolate_Branco,3466224,2,0,0,0,0,1,1,1,279,-10,2,1,1,1,0,0,0,0,0,0,0,0,0,0,0
290,The_Lion91,3468770,2,0,0,0,0,1,1,1,280,-10,2,1,1,1,0,0,0,0,0,0,0,0,0,0,0
291,HotspringsGames,3492944,2,0,0,0,0,1,1,1,281,-10,2,1,1,1,0,0,0,0,0,0,0,0,0,0,0
292,SFDK,3509735,2,0,0,0,0,1,1,1,282,-10,2,1,1,1,0,0,0,0,0,0,0,0,0,0,0
293,ziofrancone,2676196,2,2,0,0,0,0,1,1,284,-9,2,1,1,0,0,0,0,0,0,0,0,0,0,0,2
294,itstime,3086606,2,2,0,0,0,0,1,1,285,-9,2,1,1,0,0,0,0,0,0,0,0,0,0,0,2
295,Zeect,3446637,2,2,0,0,0,0,1,1,286,-9,2,1,1,0,0,0,0,0,0,0,0,0,0,0,2
296,duke12,6062,2,0,0,0,0,1,1,2,287,-9,2,2,1,1,0,0,0,0,0,0,0,0,0,0,0
297,Aced5,10594,2,0,0,0,0,1,1,2,288,-9,2,2,1,1,0,0,0,0,0,0,0,0,0,0,0
298,i_b_TRUE,750628,2,0,0,0,0,1,1,2,289,-9,2,2,1,1,0,0,0,0,0,0,0,0,0,0,0
299,GodOfSlaughter,1185021,2,0,0,0,0,1,1,2,290,-9,2,2,1,1,0,0,0,0,0,0,0,0,0,0,0
300,kanister,1205292,2,0,0,0,0,1,1,2,291,-9,2,2,1,1,0,0,0,0,0,0,0,0,0,0,0
301,Zoob5555,2114447,2,0,0,0,0,1,1,2,292,-9,2,2,1,1,0,0,0,0,0,0,0,0,0,0,0
302,Kroma_,2258623,2,0,0,0,0,1,1,2,293,-9,2,2,1,1,0,0,0,0,0,0,0,0,0,0,0
303,wigglegenie,2338634,2,0,0,0,0,1,1,2,263,-40,2,1,1,1,0,0,0,0,1,0,0,0,0,0,0
304,yPrincipe,2636883,2,0,0,0,0,1,1,2,294,-10,2,2,1,1,0,0,0,0,0,0,0,0,0,0,0
305,markgabriele,2664963,2,0,0,0,0,1,1,2,295,-10,2,2,1,1,0,0,0,0,0,0,0,0,0,0,0
306,Palenisk0,2709708,2,0,0,0,0,1,1,2,296,-10,2,2,1,1,0,0,0,0,0,0,0,0,0,0,0
307,_pba_,2905380,2,0,0,0,0,1,1,2,297,-10,2,2,1,1,0,0,0,0,0,0,0,0,0,0,0
308,Malox11,2993027,2,0,0,0,0,1,1,2,298,-10,2,2,1,1,0,0,0,0,0,0,0,0,0,0,0
309,UninspiredMehjagic,3050754,2,0,0,0,0,1,1,2,299,-10,2,2,1,1,0,0,0,0,0,0,0,0,0,0,0
310,MisterTwin,3190187,2,0,0,0,0,1,1,2,661,351,0,1,0,0,0,0,0,2,1,1,1,0,0,0,0
311,The_shallow_grave,3254577,2,0,0,0,0,1,1,2,300,-11,2,2,1,1,0,0,0,0,0,0,0,0,0,0,0
312,TheReverb,3473786,2,0,0,0,0,1,1,2,301,-11,2,2,1,1,0,0,0,0,0,0,0,0,0,0,0
313,Michelizzi,3561179,2,0,0,0,0,1,1,2,283,-30,2,1,1,1,0,0,0,0,1,0,0,0,0,0,0
314,Attomium,1778538,2,0,0,0,0,0,2,2,302,-12,2,2,2,0,0,0,0,0,0,0,0,0,0,0,0
315,Rudokant,2685092,2,0,0,0,0,0,2,2,303,-12,2,2,2,0,0,0,0,0,0,0,0,0,0,0,0
316,VictorEsquici,3013293,2,0,0,0,0,0,2,2,305,-11,2,2,2,0,0,0,0,0,0,0,0,0,0,0,0
317,ETBJezus,3040474,2,0,0,0,0,0,2,2,306,-11,2,2,2,0,0,0,0,0,0,0,0,0,0,0,0
318,filpin,3141690,2,0,0,0,0,0,2,2,307,-11,2,2,2,0,0,0,0,0,0,0,0,0,0,0,0
319,CaptainPooki,3514812,2,0,0,0,0,0,2,2,308,-11,2,2,2,0,0,0,0,0,0,0,0,0,0,0,0
320,oosunq,1155358,2,0,0,0,0,1,1,3,309,-11,2,3,1,1,0,0,0,0,0,0,0,0,0,0,0
321,Cptwalnut,1964476,2,0,0,0,0,1,1,3,310,-11,2,3,1,1,0,0,0,0,0,0,0,0,0,0,0
322,haoqinglangou,2390663,2,0,0,0,0,1,1,3,311,-11,2,3,1,1,0,0,0,0,0,0,0,0,0,0,0
323,ChuChuMTFKR,2886707,2,0,0,0,0,1,1,3,312,-11,2,3,1,1,0,0,0,0,0,0,0,0,0,0,0
324,Magikal710,2939702,2,0,0,0,0,1,1,3,752,428,0,2,0,0,0,0,0,2,1,1,1,0,0,0,0
325,MTGHolic,2942139,2,0,0,0,0,1,1,3,313,-12,2,3,1,1,0,0,0,0,0,0,0,0,0,0,0
326,Marmotte_Lambda,3123572,2,0,0,0,0,1,1,3,314,-12,2,3,1,1,0,0,0,0,0,0,0,0,0,0,0
327,TooPoorToPlay,3189030,2,0,0,0,0,1,1,3,315,-12,2,3,1,1,0,0,0,0,0,0,0,0,0,0,0
328,acelerado440,3358375,2,0,0,0,0,1,1,3,316,-12,2,3,1,1,0,0,0,0,0,0,0,0,0,0,0
329,sicsmoo,104819,2,0,0,0,0,0,2,3,317,-12,2,3,2,0,0,0,0,0,0,0,0,0,0,0,0
330,Katla,1125984,2,0,0,0,0,0,2,3,318,-12,2,3,2,0,0,0,0,0,0,0,0,0,0,0,0
331,masongrode,1307589,2,0,0,0,0,0,2,3,319,-12,2,3,2,0,0,0,0,0,0,0,0,0,0,0,0
332,GinkoHS,2689064,2,0,0,0,0,0,2,3,320,-12,2,3,2,0,0,0,0,0,0,0,0,0,0,0,0
333,Kael95,2702823,2,0,0,0,0,0,2,3,304,-29,2,2,2,0,0,0,0,0,1,0,0,0,0,0,0
334,E_Kaminuma,2707045,2,0,0,0,0,0,2,3,321,-13,2,3,2,0,0,0,0,0,0,0,0,0,0,0,0
335,lunaloveee,2886236,2,0,0,0,0,0,2,3,322,-13,2,3,2,0,0,0,0,0,0,0,0,0,0,0,0
336,DeepDisherino,3488559,2,0,0,0,0,0,2,3,323,-13,2,3,2,0,0,0,0,0,0,0,0,0,0,0,0
337,Mclopi,3551828,2,0,0,0,0,0,2,3,324,-13,2,3,2,0,0,0,0,0,0,0,0,0,0,0,0
338,bobthedog,5694,2,0,0,0,0,1,1,4,325,-13,2,4,1,1,0,0,0,0,0,0,0,0,0,0,0
339,FranBenitez91,319589,2,0,0,0,0,1,1,4,326,-13,2,4,1,1,0,0,0,0,0,0,0,0,0,0,0
340,Pafru,3069560,2,0,0,0,0,1,1,4,328,-12,2,4,1,1,0,0,0,0,0,0,0,0,0,0,0
341,matsumatsu,2061056,2,0,0,0,0,0,2,4,330,-11,2,4,2,0,0,0,0,0,0,0,0,0,0,0,0
342,Nuserdog,2702142,2,0,0,0,0,0,2,4,331,-11,2,4,2,0,0,0,0,0,0,0,0,0,0,0,0
343,littesir095,3034834,2,0,0,0,0,0,2,4,332,-11,2,4,2,0,0,0,0,0,0,0,0,0,0,0,0
344,parasisnotcool,3135948,2,0,0,0,0,1,1,5,333,-11,2,5,1,1,0,0,0,0,0,0,0,0,0,0,0
345,Sarlanga,643454,2,0,0,0,0,0,2,5,335,-10,2,5,2,0,0,0,0,0,0,0,0,0,0,0,0
346,anttoms21,2618334,2,0,0,0,0,0,2,5,336,-10,2,5,2,0,0,0,0,0,0,0,0,0,0,0,0
347,chagu,3315179,2,2,0,0,0,0,1,5,338,-9,2,5,1,0,0,0,0,0,0,0,0,0,0,0,2
348,_Stream,1540808,2,0,0,0,0,0,2,6,339,-9,2,6,2,0,0,0,0,0,0,0,0,0,0,0,0
349,Pompuskaya,2911978,2,0,0,0,0,0,2,6,340,-9,2,6,2,0,0,0,0,0,0,0,0,0,0,0,0
350,SaradinDR,42325,1,0,0,0,0,0,1,1,341,-9,1,1,1,0,0,0,0,0,0,0,0,0,0,0,0
351,bazaaretw,113780,1,0,0,0,0,0,1,1,,,,,,,,,,,,,,,,,
352,cdiegor,249618,1,0,0,0,0,0,1,1,342,-10,1,1,1,0,0,0,0,0,0,0,0,0,0,0,0
353,Dreddybajs,559515,1,0,0,0,0,0,1,1,343,-10,1,1,1,0,0,0,0,0,0,0,0,0,0,0,0
354,andycsoto,658003,1,0,0,0,0,0,1,1,344,-10,1,1,1,0,0,0,0,0,0,0,0,0,0,0,0
355,Salochin,665280,1,0,0,0,0,0,1,1,345,-10,1,1,1,0,0,0,0,0,0,0,0,0,0,0,0
356,dani_tb,715202,1,0,0,0,0,0,1,1,346,-10,1,1,1,0,0,0,0,0,0,0,0,0,0,0,0
357,HippoxDragon,750150,1,0,0,0,0,0,1,1,347,-10,1,1,1,0,0,0,0,0,0,0,0,0,0,0,0
358,JJ,750455,1,0,0,0,0,0,1,1,348,-10,1,1,1,0,0,0,0,0,0,0,0,0,0,0,0
359,Bayesta_93,759973,1,0,0,0,0,0,1,1,349,-10,1,1,1,0,0,0,0,0,0,0,0,0,0,0,0
360,pakoh76,789947,1,0,0,0,0,0,1,1,350,-10,1,1,1,0,0,0,0,0,0,0,0,0,0,0,0
361,oeni,847498,1,0,0,0,0,0,1,1,351,-10,1,1,1,0,0,0,0,0,0,0,0,0,0,0,0
362,jhk_,850956,1,0,0,0,0,0,1,1,352,-10,1,1,1,0,0,0,0,0,0,0,0,0,0,0,0
363,LordEgg,964394,1,0,0,0,0,0,1,1,353,-10,1,1,1,0,0,0,0,0,0,0,0,0,0,0,0
364,Heartofthedalek,968121,1,0,0,0,0,0,1,1,354,-10,1,1,1,0,0,0,0,0,0,0,0,0,0,0,0
365,Galanator,973176,1,0,0,0,0,0,1,1,355,-10,1,1,1,0,0,0,0,0,0,0,0,0,0,0,0
366,Ztenod,1096446,1,0,0,0,0,0,1,1,356,-10,1,1,1,0,0,0,0,0,0,0,0,0,0,0,0
367,starfall,1156605,1,0,0,0,0,0,1,1,357,-10,1,1,1,0,0,0,0,0,0,0,0,0,0,0,0
368,CavalloGoloso,1205480,1,0,0,0,0,0,1,1,358,-10,1,1,1,0,0,0,0,0,0,0,0,0,0,0,0
369,SpiderSpace,1257023,1,0,0,0,0,0,1,1,359,-10,1,1,1,0,0,0,0,0,0,0,0,0,0,0,0
370,toondoslav,1712831,1,0,0,0,0,0,1,1,360,-10,1,1,1,0,0,0,0,0,0,0,0,0,0,0,0
371,VioletStardust,1755359,1,0,0,0,0,0,1,1,361,-10,1,1,1,0,0,0,0,0,0,0,0,0,0,0,0
372,Beekeeper,1778823,1,0,0,0,0,0,1,1,362,-10,1,1,1,0,0,0,0,0,0,0,0,0,0,0,0
373,TerminalJustice,1785831,1,0,0,0,0,0,1,1,363,-10,1,1,1,0,0,0,0,0,0,0,0,0,0,0,0
374,Ettore09,1824452,1,0,0,0,0,0,1,1,364,-10,1,1,1,0,0,0,0,0,0,0,0,0,0,0,0
375,kado222,1860908,1,0,0,0,0,0,1,1,366,-9,1,1,1,0,0,0,0,0,0,0,0,0,0,0,0
376,Galaxios,1950520,1,0,0,0,0,0,1,1,367,-9,1,1,1,0,0,0,0,0,0,0,0,0,0,0,0
377,mtwhet,1997060,1,0,0,0,0,0,1,1,368,-9,1,1,1,0,0,0,0,0,0,0,0,0,0,0,0
378,Razdan08,2079116,1,0,0,0,0,0,1,1,369,-9,1,1,1,0,0,0,0,0,0,0,0,0,0,0,0
379,OrnatePuzzles,2095923,1,0,0,0,0,0,1,1,370,-9,1,1,1,0,0,0,0,0,0,0,0,0,0,0,0
380,Edraros3,2107300,1,0,0,0,0,0,1,1,,,,,,,,,,,,,,,,,
381,Overman220,2111039,1,0,0,0,0,0,1,1,371,-10,1,1,1,0,0,0,0,0,0,0,0,0,0,0,0
382,badger225,2164345,1,0,0,0,0,0,1,1,372,-10,1,1,1,0,0,0,0,0,0,0,0,0,0,0,0
383,adebevoise,2224096,1,0,0,0,0,0,1,1,373,-10,1,1,1,0,0,0,0,0,0,0,0,0,0,0,0
384,Roxas_13,2252690,1,0,0,0,0,0,1,1,374,-10,1,1,1,0,0,0,0,0,0,0,0,0,0,0,0
385,TheRightStuff,2315424,1,0,0,0,0,0,1,1,375,-10,1,1,1,0,0,0,0,0,0,0,0,0,0,0,0
386,TuralyonMap,2328252,1,0,0,0,0,0,1,1,376,-10,1,1,1,0,0,0,0,0,0,0,0,0,0,0,0
387,Excelsius99,2393199,1,0,0,0,0,0,1,1,,,,,,,,,,,,,,,,,
388,Caleb_Yetman,2393416,1,0,0,0,0,0,1,1,377,-11,1,1,1,0,0,0,0,0,0,0,0,0,0,0,0
389,ajifly,2397097,1,0,0,0,0,0,1,1,378,-11,1,1,1,0,0,0,0,0,0,0,0,0,0,0,0
390,TrainInsane,2461626,1,0,0,0,0,0,1,1,379,-11,1,1,1,0,0,0,0,0,0,0,0,0,0,0,0
391,mikel88888888,2545557,1,0,0,0,0,0,1,1,380,-11,1,1,1,0,0,0,0,0,0,0,0,0,0,0,0
392,klien7,2564773,1,0,0,0,0,0,1,1,381,-11,1,1,1,0,0,0,0,0,0,0,0,0,0,0,0
393,el-pollo-lolo,2636302,1,0,0,0,0,0,1,1,382,-11,1,1,1,0,0,0,0,0,0,0,0,0,0,0,0
394,ehstar,2657592,1,0,0,0,0,0,1,1,383,-11,1,1,1,0,0,0,0,0,0,0,0,0,0,0,0
395,olbeda,2679433,1,0,0,0,0,0,1,1,384,-11,1,1,1,0,0,0,0,0,0,0,0,0,0,0,0
396,NyGames,2682446,1,0,0,0,0,0,1,1,385,-11,1,1,1,0,0,0,0,0,0,0,0,0,0,0,0
397,SGMY95,2686516,1,0,0,0,0,0,1,1,386,-11,1,1,1,0,0,0,0,0,0,0,0,0,0,0,0
398,Relieve,2689691,1,0,0,0,0,0,1,1,387,-11,1,1,1,0,0,0,0,0,0,0,0,0,0,0,0
399,Snoobie,2698267,1,0,0,0,0,0,1,1,388,-11,1,1,1,0,0,0,0,0,0,0,0,0,0,0,0
400,MattettaM,2737954,1,0,0,0,0,0,1,1,389,-11,1,1,1,0,0,0,0,0,0,0,0,0,0,0,0
401,PaulArcher,2762514,1,0,0,0,0,0,1,1,390,-11,1,1,1,0,0,0,0,0,0,0,0,0,0,0,0
402,Archer365,2766856,1,0,0,0,0,0,1,1,391,-11,1,1,1,0,0,0,0,0,0,0,0,0,0,0,0
403,FynnOfBlood,2799885,1,0,0,0,0,0,1,1,392,-11,1,1,1,0,0,0,0,0,0,0,0,0,0,0,0
404,wraaith,2911801,1,0,0,0,0,0,1,1,393,-11,1,1,1,0,0,0,0,0,0,0,0,0,0,0,0
405,Rosiedog88,2916622,1,0,0,0,0,0,1,1,394,-11,1,1,1,0,0,0,0,0,0,0,0,0,0,0,0
406,EventideX,2937203,1,0,0,0,0,0,1,1,396,-10,1,1,1,0,0,0,0,0,0,0,0,0,0,0,0
407,DobleP,2955614,1,0,0,0,0,0,1,1,397,-10,1,1,1,0,0,0,0,0,0,0,0,0,0,0,0
408,PocketAces888,2997735,1,0,0,0,0,0,1,1,,,,,,,,,,,,,,,,,
409,Sebastian0722,3002475,1,0,0,0,0,0,1,1,398,-11,1,1,1,0,0,0,0,0,0,0,0,0,0,0,0
410,Zompatanfo,3018543,1,0,0,0,0,0,1,1,399,-11,1,1,1,0,0,0,0,0,0,0,0,0,0,0,0
411,azpharot,3023527,1,0,0,0,0,0,1,1,400,-11,1,1,1,0,0,0,0,0,0,0,0,0,0,0,0
412,Skrocious,3039318,1,0,0,0,0,0,1,1,401,-11,1,1,1,0,0,0,0,0,0,0,0,0,0,0,0
413,UnbanOko,3044837,1,0,0,0,0,0,1,1,402,-11,1,1,1,0,0,0,0,0,0,0,0,0,0,0,0
414,pizzangry,3048550,1,0,0,0,0,0,1,1,403,-11,1,1,1,0,0,0,0,0,0,0,0,0,0,0,0
415,567konner,3058789,1,0,0,0,0,0,1,1,404,-11,1,1,1,0,0,0,0,0,0,0,0,0,0,0,0
416,hyyy1,3095198,1,0,0,0,0,0,1,1,405,-11,1,1,1,0,0,0,0,0,0,0,0,0,0,0,0
417,Zaxos,3098855,1,0,0,0,0,0,1,1,406,-11,1,1,1,0,0,0,0,0,0,0,0,0,0,0,0
418,zbogames,3109223,1,0,0,0,0,0,1,1,407,-11,1,1,1,0,0,0,0,0,0,0,0,0,0,0,0
419,HoneycombH,3138610,1,0,0,0,0,0,1,1,408,-11,1,1,1,0,0,0,0,0,0,0,0,0,0,0,0
420,catgirlmom,3229651,1,0,0,0,0,0,1,1,409,-11,1,1,1,0,0,0,0,0,0,0,0,0,0,0,0
421,aljce,3231615,1,0,0,0,0,0,1,1,,,,,,,,,,,,,,,,,
422,Duddz_z,3393515,1,0,0,0,0,0,1,1,410,-12,1,1,1,0,0,0,0,0,0,0,0,0,0,0,0
423,PJKP,3400071,1,0,0,0,0,0,1,1,411,-12,1,1,1,0,0,0,0,0,0,0,0,0,0,0,0
424,ThatDogGirl,3411670,1,0,0,0,0,0,1,1,412,-12,1,1,1,0,0,0,0,0,0,0,0,0,0,0,0
425,Taddy_99,3412001,1,0,0,0,0,0,1,1,413,-12,1,1,1,0,0,0,0,0,0,0,0,0,0,0,0
426,Diomed_Tidid,3415205,1,0,0,0,0,0,1,1,414,-12,1,1,1,0,0,0,0,0,0,0,0,0,0,0,0
427,Tenco19,3416870,1,0,0,0,0,0,1,1,415,-12,1,1,1,0,0,0,0,0,0,0,0,0,0,0,0
428,lilcreacher,3447454,1,0,0,0,0,0,1,1,416,-12,1,1,1,0,0,0,0,0,0,0,0,0,0,0,0
429,weezerologist,3475930,1,0,0,0,0,0,1,1,,,,,,,,,,,,,,,,,
430,Akosmismus,3531021,1,0,0,0,0,0,1,1,417,-13,1,1,1,0,0,0,0,0,0,0,0,0,0,0,0
431,GMFischer,3536967,1,0,0,0,0,0,1,1,418,-13,1,1,1,0,0,0,0,0,0,0,0,0,0,0,0
432,bestdraveneu,3569566,1,0,0,0,0,0,1,1,419,-13,1,1,1,0,0,0,0,0,0,0,0,0,0,0,0
433,pokerswizard,280778,1,0,0,0,0,0,1,2,420,-13,1,2,1,0,0,0,0,0,0,0,0,0,0,0,0
434,echecetmat35,443982,1,0,0,0,0,0,1,2,421,-13,1,2,1,0,0,0,0,0,0,0,0,0,0,0,0
435,therock988,494270,1,0,0,0,0,0,1,2,422,-13,1,2,1,0,0,0,0,0,0,0,0,0,0,0,0
436,Capriccioso,536053,1,0,0,0,0,0,1,2,423,-13,1,2,1,0,0,0,0,0,0,0,0,0,0,0,0
437,wallofspikes,774962,1,0,0,0,0,0,1,2,424,-13,1,2,1,0,0,0,0,0,0,0,0,0,0,0,0
438,Barneygumbal,789613,1,0,0,0,0,0,1,2,500,62,0,1,0,0,0,0,0,1,1,1,0,0,0,0,0
439,scalo94,868229,1,0,0,0,0,0,1,2,425,-14,1,2,1,0,0,0,0,0,0,0,0,0,0,0,0
440,jussupinator,880239,1,0,0,0,0,0,1,2,426,-14,1,2,1,0,0,0,0,0,0,0,0,0,0,0,0
441,Willthepill,999039,1,0,0,0,0,0,1,2,427,-14,1,2,1,0,0,0,0,0,0,0,0,0,0,0,0
442,Xerk,1089456,1,0,0,0,0,0,1,2,428,-14,1,2,1,0,0,0,0,0,0,0,0,0,0,0,0
443,fradev1988,1838473,1,0,0,0,0,0,1,2,365,-78,1,1,1,0,0,0,0,0,1,0,0,0,0,0,0
444,ScreenwriterNY,1880301,1,0,0,0,0,0,1,2,429,-15,1,2,1,0,0,0,0,0,0,0,0,0,0,0,0
445,kePs,1984508,1,0,0,0,0,0,1,2,430,-15,1,2,1,0,0,0,0,0,0,0,0,0,0,0,0
446,Gerardo94,2077747,1,0,0,0,0,0,1,2,431,-15,1,2,1,0,0,0,0,0,0,0,0,0,0,0,0
447,mtbWolf,2192378,1,0,0,0,0,0,1,2,432,-15,1,2,1,0,0,0,0,0,0,0,0,0,0,0,0
448,bless_von,2292083,1,0,0,0,0,0,1,2,433,-15,1,2,1,0,0,0,0,0,0,0,0,0,0,0,0
449,yriel,2537131,1,0,0,0,0,0,1,2,580,131,0,1,0,0,0,0,0,1,1,1,0,0,0,0,0
450,MdvWin,2544700,1,0,0,0,0,0,1,2,434,-16,1,2,1,0,0,0,0,0,0,0,0,0,0,0,0
451,BlueCheese3,2562510,1,0,0,0,0,0,1,2,581,130,0,1,0,0,0,0,0,1,1,1,0,0,0,0,0
452,JustAnotherGuy83,2691811,1,0,0,0,0,0,1,2,435,-17,1,2,1,0,0,0,0,0,0,0,0,0,0,0,0
453,haveaboavida,2811955,1,0,0,0,0,0,1,2,436,-17,1,2,1,0,0,0,0,0,0,0,0,0,0,0,0
454,Maede,2855160,1,0,0,0,0,0,1,2,437,-17,1,2,1,0,0,0,0,0,0,0,0,0,0,0,0
455,TheLengend90,2860189,1,0,0,0,0,0,1,2,438,-17,1,2,1,0,0,0,0,0,0,0,0,0,0,0,0
456,Eyelash,2871058,1,0,0,0,0,0,1,2,439,-17,1,2,1,0,0,0,0,0,0,0,0,0,0,0,0
457,Ashigaruu,2891700,1,0,0,0,0,0,1,2,440,-17,1,2,1,0,0,0,0,0,0,0,0,0,0,0,0
458,KeepAny7vsYou,2928379,1,0,0,0,0,0,1,2,395,-63,1,1,1,0,0,0,0,0,1,0,0,0,0,0,0
459,dedav,2966814,1,0,0,0,0,0,1,2,617,158,0,1,0,0,0,0,0,1,1,1,0,0,0,0,0
460,Shadow_Scar,3161999,1,0,0,0,0,0,1,2,441,-19,1,2,1,0,0,0,0,0,0,0,0,0,0,0,0
461,Bunbuneru,3170769,1,0,0,0,0,0,1,2,442,-19,1,2,1,0,0,0,0,0,0,0,0,0,0,0,0
462,Zoza,3170981,1,0,0,0,0,0,1,2,443,-19,1,2,1,0,0,0,0,0,0,0,0,0,0,0,0
463,Ch4ppy,3203470,1,0,0,0,0,0,1,2,444,-19,1,2,1,0,0,0,0,0,0,0,0,0,0,0,0
464,yunyu1234,3253656,1,0,0,0,0,0,1,2,445,-19,1,2,1,0,0,0,0,0,0,0,0,0,0,0,0
465,groot02,3256386,1,0,0,0,0,0,1,2,446,-19,1,2,1,0,0,0,0,0,0,0,0,0,0,0,0
466,alessandro81,3261722,1,0,0,0,0,0,1,2,674,208,0,1,0,0,0,0,0,1,1,1,0,0,0,0,0
467,RitualGlitchZ,3272344,1,0,0,0,0,0,1,2,447,-20,1,2,1,0,0,0,0,0,0,0,0,0,0,0,0
468,Takayama,3293313,1,0,0,0,0,0,1,2,448,-20,1,2,1,0,0,0,0,0,0,0,0,0,0,0,0
469,DB_cntrlfreak_ttv,3298258,1,0,0,0,0,0,1,2,449,-20,1,2,1,0,0,0,0,0,0,0,0,0,0,0,0
470,KadettiKersantti,3344298,1,0,0,0,0,0,1,2,450,-20,1,2,1,0,0,0,0,0,0,0,0,0,0,0,0
471,DUSHAN179,3466233,1,0,0,0,0,0,1,2,451,-20,1,2,1,0,0,0,0,0,0,0,0,0,0,0,0
472,Pallocchia314,3489335,1,0,0,0,0,0,1,2,452,-20,1,2,1,0,0,0,0,0,0,0,0,0,0,0,0
473,papajohns,3505107,1,0,0,0,0,0,1,2,453,-20,1,2,1,0,0,0,0,0,0,0,0,0,0,0,0
474,R_Mac,3507404,1,0,0,0,0,0,1,2,454,-20,1,2,1,0,0,0,0,0,0,0,0,0,0,0,0
475,ATyongmila,3521795,1,0,0,0,0,0,1,2,455,-20,1,2,1,0,0,0,0,0,0,0,0,0,0,0,0
476,SantiMagicOnline,3542947,1,0,0,0,0,0,1,2,456,-20,1,2,1,0,0,0,0,0,0,0,0,0,0,0,0
477,TheDogFather8,3563896,1,0,0,0,0,0,1,2,457,-20,1,2,1,0,0,0,0,0,0,0,0,0,0,0,0
478,PTarts2win,1588717,1,0,0,0,0,0,1,3,458,-20,1,3,1,0,0,0,0,0,0,0,0,0,0,0,0
479,MystikHawk,2626857,1,0,0,0,0,0,1,3,459,-20,1,3,1,0,0,0,0,0,0,0,0,0,0,0,0
480,SpecterTurtle,2714690,1,0,0,0,0,0,1,3,460,-20,1,3,1,0,0,0,0,0,0,0,0,0,0,0,0
481,SilverSeraph123,2789793,1,0,0,0,0,0,1,3,461,-20,1,3,1,0,0,0,0,0,0,0,0,0,0,0,0
482,planetbrainwash,3037817,1,0,0,0,0,0,1,3,462,-20,1,3,1,0,0,0,0,0,0,0,0,0,0,0,0
483,SorryImSoTilted,3074961,1,0,0,0,0,0,1,3,463,-20,1,3,1,0,0,0,0,0,0,0,0,0,0,0,0
484,JhonnySeJugar,3185788,1,0,0,0,0,0,1,3,464,-20,1,3,1,0,0,0,0,0,0,0,0,0,0,0,0
485,Habitante_do_Escuro,3412574,1,0,0,0,0,0,1,3,466,-19,1,3,1,0,0,0,0,0,0,0,0,0,0,0,0
486,touto_Isle,1439480,1,0,0,0,0,0,1,4,467,-19,1,4,1,0,0,0,0,0,0,0,0,0,0,0,0
487,VampireDiaries,2283377,1,0,0,0,0,0,1,4,468,-19,1,4,1,0,0,0,0,0,0,0,0,0,0,0,0
488,qmcgarry45,2301700,1,0,0,0,0,0,1,4,469,-19,1,4,1,0,0,0,0,0,0,0,0,0,0,0,0
489,danro,2816910,1,0,0,0,0,0,1,4,472,-17,1,4,1,0,0,0,0,0,0,0,0,0,0,0,0
490,The_Catfin,2995227,1,0,0,0,0,0,1,4,473,-17,1,4,1,0,0,0,0,0,0,0,0,0,0,0,0
491,habieh,3112617,1,0,0,0,0,0,1,4,474,-17,1,4,1,0,0,0,0,0,0,0,0,0,0,0,0
492,yolad,3342362,1,0,0,0,0,0,1,4,465,-27,1,3,1,0,0,0,0,0,1,0,0,0,0,0,0
493,Arianne,845813,1,0,0,0,0,0,1,5,475,-18,1,5,1,0,0,0,0,0,0,0,0,0,0,0,0
494,jessy_samek,922706,1,0,0,0,0,0,1,5,476,-18,1,5,1,0,0,0,0,0,0,0,0,0,0,0,0
495,solaec0501,1773910,1,0,0,0,0,0,1,5,477,-18,1,5,1,0,0,0,0,0,0,0,0,0,0,0,0
496,LukeBrandes,2943684,1,0,0,0,0,0,1,5,478,-18,1,5,1,0,0,0,0,0,0,0,0,0,0,0,0
497,fazparte,3106246,1,0,0,0,0,0,1,5,479,-18,1,5,1,0,0,0,0,0,0,0,0,0,0,0,0
498,Edel,57491,0,0,0,0,0,0,0,1,480,-18,0,1,0,0,0,0,0,0,0,0,0,0,0,0,0
499,Dopedafi,139002,0,0,0,0,0,0,0,1,481,-18,0,1,0,0,0,0,0,0,0,0,0,0,0,0,0
500,Boin,181637,0,0,0,0,0,0,0,1,482,-18,0,1,0,0,0,0,0,0,0,0,0,0,0,0,0
501,lampalot,195620,0,0,0,0,0,0,0,1,483,-18,0,1,0,0,0,0,0,0,0,0,0,0,0,0,0
502,Demian77,234436,0,0,0,0,0,0,0,1,484,-18,0,1,0,0,0,0,0,0,0,0,0,0,0,0,0
503,gpowerone,274550,0,0,0,0,0,0,0,1,485,-18,0,1,0,0,0,0,0,0,0,0,0,0,0,0,0
504,FakeShaver,280670,0,0,0,0,0,0,0,1,486,-18,0,1,0,0,0,0,0,0,0,0,0,0,0,0,0
505,RandomGameActions,315946,0,0,0,0,0,0,0,1,487,-18,0,1,0,0,0,0,0,0,0,0,0,0,0,0,0
506,Rarian,331207,0,0,0,0,0,0,0,1,488,-18,0,1,0,0,0,0,0,0,0,0,0,0,0,0,0
507,slaxx,331829,0,0,0,0,0,0,0,1,489,-18,0,1,0,0,0,0,0,0,0,0,0,0,0,0,0
508,_Batutinha_,453404,0,0,0,0,0,0,0,1,490,-18,0,1,0,0,0,0,0,0,0,0,0,0,0,0,0
509,Vonducky,542229,0,0,0,0,0,0,0,1,491,-18,0,1,0,0,0,0,0,0,0,0,0,0,0,0,0
510,kentaro_hokori,575927,0,0,0,0,0,0,0,1,492,-18,0,1,0,0,0,0,0,0,0,0,0,0,0,0,0
511,kenjinsakura,611082,0,0,0,0,0,0,0,1,493,-18,0,1,0,0,0,0,0,0,0,0,0,0,0,0,0
512,kostompy,621225,0,0,0,0,0,0,0,1,494,-18,0,1,0,0,0,0,0,0,0,0,0,0,0,0,0
513,sikolio,630478,0,0,0,0,0,0,0,1,495,-18,0,1,0,0,0,0,0,0,0,0,0,0,0,0,0
514,-=Alfa=-,685719,0,0,0,0,0,0,0,1,496,-18,0,1,0,0,0,0,0,0,0,0,0,0,0,0,0
515,zveibil,697148,0,0,0,0,0,0,0,1,497,-18,0,1,0,0,0,0,0,0,0,0,0,0,0,0,0
516,Widepw,756283,0,0,0,0,0,0,0,1,499,-17,0,1,0,0,0,0,0,0,0,0,0,0,0,0,0
517,s063,793759,0,0,0,0,0,0,0,1,501,-16,0,1,0,0,0,0,0,0,0,0,0,0,0,0,0
518,Slatorade,828185,0,0,0,0,0,0,0,1,502,-16,0,1,0,0,0,0,0,0,0,0,0,0,0,0,0
519,Mikhathara1994,833551,0,0,0,0,0,0,0,1,503,-16,0,1,0,0,0,0,0,0,0,0,0,0,0,0,0
520,Furstenberger,835989,0,0,0,0,0,0,0,1,504,-16,0,1,0,0,0,0,0,0,0,0,0,0,0,0,0
521,jready,850973,0,0,0,0,0,0,0,1,505,-16,0,1,0,0,0,0,0,0,0,0,0,0,0,0,0
522,ZaqueInc,855415,0,0,0,0,0,0,0,1,506,-16,0,1,0,0,0,0,0,0,0,0,0,0,0,0,0
523,kerion117,911305,0,0,0,0,0,0,0,1,507,-16,0,1,0,0,0,0,0,0,0,0,0,0,0,0,0
524,Interesting,970706,0,0,0,0,0,0,0,1,508,-16,0,1,0,0,0,0,0,0,0,0,0,0,0,0,0
525,The_Phenom,1010620,0,0,0,0,0,0,0,1,509,-16,0,1,0,0,0,0,0,0,0,0,0,0,0,0,0
526,tibalt_of_red_sub,1071904,0,0,0,0,0,0,0,1,510,-16,0,1,0,0,0,0,0,0,0,0,0,0,0,0,0
527,Kikis,1096192,0,0,0,0,0,0,0,1,511,-16,0,1,0,0,0,0,0,0,0,0,0,0,0,0,0
528,auzzie51,1111936,0,0,0,0,0,0,0,1,512,-16,0,1,0,0,0,0,0,0,0,0,0,0,0,0,0
529,Diza,1129442,0,0,0,0,0,0,0,1,513,-16,0,1,0,0,0,0,0,0,0,0,0,0,0,0,0
530,kbol_,1149195,0,0,0,0,0,0,0,1,514,-16,0,1,0,0,0,0,0,0,0,0,0,0,0,0,0
531,qtaro,1193075,0,0,0,0,0,0,0,1,515,-16,0,1,0,0,0,0,0,0,0,0,0,0,0,0,0
532,thirstythievin,1194078,0,0,0,0,0,0,0,1,516,-16,0,1,0,0,0,0,0,0,0,0,0,0,0,0,0
533,MLGSKELETONS,1213308,0,0,0,0,0,0,0,1,517,-16,0,1,0,0,0,0,0,0,0,0,0,0,0,0,0
534,slade8283,1229112,0,0,0,0,0,0,0,1,518,-16,0,1,0,0,0,0,0,0,0,0,0,0,0,0,0
535,Cake363,1229784,0,0,0,0,0,0,0,1,519,-16,0,1,0,0,0,0,0,0,0,0,0,0,0,0,0
536,volpert,1239944,0,0,0,0,0,0,0,1,520,-16,0,1,0,0,0,0,0,0,0,0,0,0,0,0,0
537,2legit2quit,1341374,0,0,0,0,0,0,0,1,521,-16,0,1,0,0,0,0,0,0,0,0,0,0,0,0,0
538,SoulStrong,1348253,0,0,0,0,0,0,0,1,522,-16,0,1,0,0,0,0,0,0,0,0,0,0,0,0,0
539,J4K3ST3R02,1353469,0,0,0,0,0,0,0,1,523,-16,0,1,0,0,0,0,0,0,0,0,0,0,0,0,0
540,Magric,1389687,0,0,0,0,0,0,0,1,524,-16,0,1,0,0,0,0,0,0,0,0,0,0,0,0,0
541,SexPistols,1511275,0,0,0,0,0,0,0,1,525,-16,0,1,0,0,0,0,0,0,0,0,0,0,0,0,0
542,GiestOfIWin,1564356,0,0,0,0,0,0,0,1,526,-16,0,1,0,0,0,0,0,0,0,0,0,0,0,0,0
543,Chemist1234,1585449,0,0,0,0,0,0,0,1,527,-16,0,1,0,0,0,0,0,0,0,0,0,0,0,0,0
544,bbotonline,1630278,0,0,0,0,0,0,0,1,528,-16,0,1,0,0,0,0,0,0,0,0,0,0,0,0,0
545,FranMtg,1640909,0,0,0,0,0,0,0,1,,,,,,,,,,,,,,,,,
546,Azzay0,1699326,0,0,0,0,0,0,0,1,529,-17,0,1,0,0,0,0,0,0,0,0,0,0,0,0,0
547,CNewman,1715380,0,0,0,0,0,0,0,1,530,-17,0,1,0,0,0,0,0,0,0,0,0,0,0,0,0
548,NuBlkAu,1719515,0,0,0,0,0,0,0,1,531,-17,0,1,0,0,0,0,0,0,0,0,0,0,0,0,0
549,liuyuchen,1739534,0,0,0,0,0,0,0,1,532,-17,0,1,0,0,0,0,0,0,0,0,0,0,0,0,0
550,marito9911,1758332,0,0,0,0,0,0,0,1,533,-17,0,1,0,0,0,0,0,0,0,0,0,0,0,0,0
551,chinotron23,1763618,0,0,0,0,0,0,0,1,534,-17,0,1,0,0,0,0,0,0,0,0,0,0,0,0,0
552,Joey_Wheeler,1811013,0,0,0,0,0,0,0,1,535,-17,0,1,0,0,0,0,0,0,0,0,0,0,0,0,0
553,tA326_,1823579,0,0,0,0,0,0,0,1,536,-17,0,1,0,0,0,0,0,0,0,0,0,0,0,0,0
554,bcs8995,1824707,0,0,0,0,0,0,0,1,537,-17,0,1,0,0,0,0,0,0,0,0,0,0,0,0,0
555,howa,1855222,0,0,0,0,0,0,0,1,538,-17,0,1,0,0,0,0,0,0,0,0,0,0,0,0,0
556,ls149950,1862893,0,0,0,0,0,0,0,1,539,-17,0,1,0,0,0,0,0,0,0,0,0,0,0,0,0
557,SurrenderMonkey,1881391,0,0,0,0,0,0,0,1,,,,,,,,,,,,,,,,,
558,WestvalePreacher,1896339,0,0,0,0,0,0,0,1,540,-18,0,1,0,0,0,0,0,0,0,0,0,0,0,0,0
559,RigelWeenie,1923667,0,0,0,0,0,0,0,1,541,-18,0,1,0,0,0,0,0,0,0,0,0,0,0,0,0
560,Moniz0801,1938267,0,0,0,0,0,0,0,1,542,-18,0,1,0,0,0,0,0,0,0,0,0,0,0,0,0
561,Schiaveto,1940967,0,0,0,0,0,0,0,1,543,-18,0,1,0,0,0,0,0,0,0,0,0,0,0,0,0
562,rossjsg,1951138,0,0,0,0,0,0,0,1,544,-18,0,1,0,0,0,0,0,0,0,0,0,0,0,0,0
563,fijitree,1974088,0,0,0,0,0,0,0,1,545,-18,0,1,0,0,0,0,0,0,0,0,0,0,0,0,0
564,tonyjones22,1991529,0,0,0,0,0,0,0,1,546,-18,0,1,0,0,0,0,0,0,0,0,0,0,0,0,0
565,Akirasaurus,1992545,0,0,0,0,0,0,0,1,547,-18,0,1,0,0,0,0,0,0,0,0,0,0,0,0,0
566,_theMoonSage_,2001341,0,0,0,0,0,0,0,1,548,-18,0,1,0,0,0,0,0,0,0,0,0,0,0,0,0
567,Filyoni,2053679,0,0,0,0,0,0,0,1,549,-18,0,1,0,0,0,0,0,0,0,0,0,0,0,0,0
568,Ryan_39,2085661,0,0,0,0,0,0,0,1,550,-18,0,1,0,0,0,0,0,0,0,0,0,0,0,0,0
569,manjyui,2090973,0,0,0,0,0,0,0,1,551,-18,0,1,0,0,0,0,0,0,0,0,0,0,0,0,0
570,BLJ,2094696,0,0,0,0,0,0,0,1,552,-18,0,1,0,0,0,0,0,0,0,0,0,0,0,0,0
571,Beicodegeia,2103820,0,0,0,0,0,0,0,1,553,-18,0,1,0,0,0,0,0,0,0,0,0,0,0,0,0
572,Andeloth,2107460,0,0,0,0,0,0,0,1,554,-18,0,1,0,0,0,0,0,0,0,0,0,0,0,0,0
573,gabbii_,2153888,0,0,0,0,0,0,0,1,555,-18,0,1,0,0,0,0,0,0,0,0,0,0,0,0,0
574,SH00PDAWH00P2,2168820,0,0,0,0,0,0,0,1,556,-18,0,1,0,0,0,0,0,0,0,0,0,0,0,0,0
575,nomismagic,2169748,0,0,0,0,0,0,0,1,557,-18,0,1,0,0,0,0,0,0,0,0,0,0,0,0,0
576,BlueDrivesMonster,2173709,0,0,0,0,0,0,0,1,558,-18,0,1,0,0,0,0,0,0,0,0,0,0,0,0,0
577,Terminus0,2180371,0,0,0,0,0,0,0,1,559,-18,0,1,0,0,0,0,0,0,0,0,0,0,0,0,0
578,Samcaster-Mage,2232605,0,0,0,0,0,0,0,1,560,-18,0,1,0,0,0,0,0,0,0,0,0,0,0,0,0
579,TheTaxCollector,2243002,0,0,0,0,0,0,0,1,561,-18,0,1,0,0,0,0,0,0,0,0,0,0,0,0,0
580,mei0024,2253154,0,0,0,0,0,0,0,1,562,-18,0,1,0,0,0,0,0,0,0,0,0,0,0,0,0
581,DylanGregory,2266067,0,0,0,0,0,0,0,1,563,-18,0,1,0,0,0,0,0,0,0,0,0,0,0,0,0
582,The-Profess,2298113,0,0,0,0,0,0,0,1,,,,,,,,,,,,,,,,,
583,Bryzem1,2306501,0,0,0,0,0,0,0,1,564,-19,0,1,0,0,0,0,0,0,0,0,0,0,0,0,0
584,GrowingPaynes,2311307,0,0,0,0,0,0,0,1,565,-19,0,1,0,0,0,0,0,0,0,0,0,0,0,0,0
585,weemo,2315889,0,0,0,0,0,0,0,1,566,-19,0,1,0,0,0,0,0,0,0,0,0,0,0,0,0
586,EnzoHumano,2322956,0,0,0,0,0,0,0,1,567,-19,0,1,0,0,0,0,0,0,0,0,0,0,0,0,0
587,shoiwao,2388211,0,0,0,0,0,0,0,1,568,-19,0,1,0,0,0,0,0,0,0,0,0,0,0,0,0
588,UomoComune26490,2397200,0,0,0,0,0,0,0,1,569,-19,0,1,0,0,0,0,0,0,0,0,0,0,0,0,0
589,Rainwalker83,2406137,0,0,0,0,0,0,0,1,570,-19,0,1,0,0,0,0,0,0,0,0,0,0,0,0,0
590,Moustik_88,2417496,0,0,0,0,0,0,0,1,571,-19,0,1,0,0,0,0,0,0,0,0,0,0,0,0,0
591,Shadowz2005,2421605,0,0,0,0,0,0,0,1,572,-19,0,1,0,0,0,0,0,0,0,0,0,0,0,0,0
592,fuya,2428351,0,0,0,0,0,0,0,1,573,-19,0,1,0,0,0,0,0,0,0,0,0,0,0,0,0
593,HealthyEgo,2457575,0,0,0,0,0,0,0,1,574,-19,0,1,0,0,0,0,0,0,0,0,0,0,0,0,0
594,FrankHolmquist,2472358,0,0,0,0,0,0,0,1,575,-19,0,1,0,0,0,0,0,0,0,0,0,0,0,0,0
595,Alan07,2477993,0,0,0,0,0,0,0,1,576,-19,0,1,0,0,0,0,0,0,0,0,0,0,0,0,0
596,DreamsOfAshiok,2486183,0,0,0,0,0,0,0,1,577,-19,0,1,0,0,0,0,0,0,0,0,0,0,0,0,0
597,vegasonee,2512998,0,0,0,0,0,0,0,1,578,-19,0,1,0,0,0,0,0,0,0,0,0,0,0,0,0
598,katabami2,2531911,0,0,0,0,0,0,0,1,579,-19,0,1,0,0,0,0,0,0,0,0,0,0,0,0,0
599,matiaskm,2577249,0,0,0,0,0,0,0,1,582,-17,0,1,0,0,0,0,0,0,0,0,0,0,0,0,0
600,Mateusf34,2602240,0,0,0,0,0,0,0,1,583,-17,0,1,0,0,0,0,0,0,0,0,0,0,0,0,0
601,Death_Lighter,2602754,0,0,0,0,0,0,0,1,,,,,,,,,,,,,,,,,
602,Ulry,2604845,0,0,0,0,0,0,0,1,584,-18,0,1,0,0,0,0,0,0,0,0,0,0,0,0,0
603,jakallo98,2647085,0,0,0,0,0,0,0,1,585,-18,0,1,0,0,0,0,0,0,0,0,0,0,0,0,0
604,Gorzone,2697545,0,0,0,0,0,0,0,1,586,-18,0,1,0,0,0,0,0,0,0,0,0,0,0,0,0
605,redmogg,2702512,0,0,0,0,0,0,0,1,587,-18,0,1,0,0,0,0,0,0,0,0,0,0,0,0,0
606,mikeleee,2708396,0,0,0,0,0,0,0,1,588,-18,0,1,0,0,0,0,0,0,0,0,0,0,0,0,0
607,badgods,2712630,0,0,0,0,0,0,0,1,589,-18,0,1,0,0,0,0,0,0,0,0,0,0,0,0,0
608,Gregoriusil,2722619,0,0,0,0,0,0,0,1,590,-18,0,1,0,0,0,0,0,0,0,0,0,0,0,0,0
609,MadMaxErnst,2726945,0,0,0,0,0,0,0,1,591,-18,0,1,0,0,0,0,0,0,0,0,0,0,0,0,0
610,WadeB,2749655,0,0,0,0,0,0,0,1,592,-18,0,1,0,0,0,0,0,0,0,0,0,0,0,0,0
611,WhensMarvel,2755692,0,0,0,0,0,0,0,1,593,-18,0,1,0,0,0,0,0,0,0,0,0,0,0,0,0
612,Melaleuca,2761363,0,0,0,0,0,0,0,1,594,-18,0,1,0,0,0,0,0,0,0,0,0,0,0,0,0
613,Diub,2794922,0,0,0,0,0,0,0,1,595,-18,0,1,0,0,0,0,0,0,0,0,0,0,0,0,0
614,Napoleon_I,2807068,0,0,0,0,0,0,0,1,596,-18,0,1,0,0,0,0,0,0,0,0,0,0,0,0,0
615,TokaraStrait,2812147,0,0,0,0,0,0,0,1,597,-18,0,1,0,0,0,0,0,0,0,0,0,0,0,0,0
616,KingOfGames1522,2831734,0,0,0,0,0,0,0,1,598,-18,0,1,0,0,0,0,0,0,0,0,0,0,0,0,0
617,SPyromancer,2851835,0,0,0,0,0,0,0,1,599,-18,0,1,0,0,0,0,0,0,0,0,0,0,0,0,0
618,Ayygent,2854758,0,0,0,0,0,0,0,1,600,-18,0,1,0,0,0,0,0,0,0,0,0,0,0,0,0
619,DawsonCreep,2865556,0,0,0,0,0,0,0,1,601,-18,0,1,0,0,0,0,0,0,0,0,0,0,0,0,0
620,Traumatismes,2865888,0,0,0,0,0,0,0,1,602,-18,0,1,0,0,0,0,0,0,0,0,0,0,0,0,0
621,AldenCates,2873887,0,0,0,0,0,0,0,1,603,-18,0,1,0,0,0,0,0,0,0,0,0,0,0,0,0
622,TingInTheRice,2877542,0,0,0,0,0,0,0,1,,,,,,,,,,,,,,,,,
623,zuranthus,2880819,0,0,0,0,0,0,0,1,604,-19,0,1,0,0,0,0,0,0,0,0,0,0,0,0,0
624,Flamie_Oliver,2885656,0,0,0,0,0,0,0,1,605,-19,0,1,0,0,0,0,0,0,0,0,0,0,0,0,0
625,arturcosta,2887338,0,0,0,0,0,0,0,1,606,-19,0,1,0,0,0,0,0,0,0,0,0,0,0,0,0
626,ganache1127,2905437,0,0,0,0,0,0,0,1,607,-19,0,1,0,0,0,0,0,0,0,0,0,0,0,0,0
627,goron27,2908401,0,0,0,0,0,0,0,1,608,-19,0,1,0,0,0,0,0,0,0,0,0,0,0,0,0
628,m0sc0wmitch,2916346,0,0,0,0,0,0,0,1,609,-19,0,1,0,0,0,0,0,0,0,0,0,0,0,0,0
629,NickBolas90,2921975,0,0,0,0,0,0,0,1,610,-19,0,1,0,0,0,0,0,0,0,0,0,0,0,0,0
630,TuesdayTheThird,2923304,0,0,0,0,0,0,0,1,611,-19,0,1,0,0,0,0,0,0,0,0,0,0,0,0,0
631,Sfrenka667,2924901,0,0,0,0,0,0,0,1,612,-19,0,1,0,0,0,0,0,0,0,0,0,0,0,0,0
632,Killah_SUV,2930884,0,0,0,0,0,0,0,1,613,-19,0,1,0,0,0,0,0,0,0,0,0,0,0,0,0
633,ItsMagicJuan,2940328,0,0,0,0,0,0,0,1,614,-19,0,1,0,0,0,0,0,0,0,0,0,0,0,0,0
634,TooManySnacks,2947363,0,0,0,0,0,0,0,1,615,-19,0,1,0,0,0,0,0,0,0,0,0,0,0,0,0
635,Luvilon,2960216,0,0,0,0,0,0,0,1,616,-19,0,1,0,0,0,0,0,0,0,0,0,0,0,0,0
636,Argtigg,2970070,0,0,0,0,0,0,0,1,618,-18,0,1,0,0,0,0,0,0,0,0,0,0,0,0,0
637,hiroshima3310,2970368,0,0,0,0,0,0,0,1,619,-18,0,1,0,0,0,0,0,0,0,0,0,0,0,0,0
638,Aimbot,2973129,0,0,0,0,0,0,0,1,620,-18,0,1,0,0,0,0,0,0,0,0,0,0,0,0,0
639,occulticplus,2973802,0,0,0,0,0,0,0,1,621,-18,0,1,0,0,0,0,0,0,0,0,0,0,0,0,0
640,DerpityDerpz,2974756,0,0,0,0,0,0,0,1,622,-18,0,1,0,0,0,0,0,0,0,0,0,0,0,0,0
641,asphdel,2985334,0,0,0,0,0,0,0,1,623,-18,0,1,0,0,0,0,0,0,0,0,0,0,0,0,0
642,SephPUR,3001015,0,0,0,0,0,0,0,1,624,-18,0,1,0,0,0,0,0,0,0,0,0,0,0,0,0
643,MrGomez,3010702,0,0,0,0,0,0,0,1,625,-18,0,1,0,0,0,0,0,0,0,0,0,0,0,0,0
644,Thronhart,3012164,0,0,0,0,0,0,0,1,626,-18,0,1,0,0,0,0,0,0,0,0,0,0,0,0,0
645,nagas4,3013730,0,0,0,0,0,0,0,1,627,-18,0,1,0,0,0,0,0,0,0,0,0,0,0,0,0
646,Bails76,3023463,0,0,0,0,0,0,0,1,628,-18,0,1,0,0,0,0,0,0,0,0,0,0,0,0,0
647,jbl2311,3024004,0,0,0,0,0,0,0,1,629,-18,0,1,0,0,0,0,0,0,0,0,0,0,0,0,0
648,Moorehardcore,3032711,0,0,0,0,0,0,0,1,630,-18,0,1,0,0,0,0,0,0,0,0,0,0,0,0,0
649,Sven745,3035942,0,0,0,0,0,0,0,1,631,-18,0,1,0,0,0,0,0,0,0,0,0,0,0,0,0
650,mtggamur420,3037657,0,0,0,0,0,0,0,1,632,-18,0,1,0,0,0,0,0,0,0,0,0,0,0,0,0
651,Lord_of_The_Wastes,3051633,0,0,0,0,0,0,0,1,633,-18,0,1,0,0,0,0,0,0,0,0,0,0,0,0,0
652,ClaymoreTobi,3052495,0,0,0,0,0,0,0,1,634,-18,0,1,0,0,0,0,0,0,0,0,0,0,0,0,0
653,2360299909,3078766,0,0,0,0,0,0,0,1,635,-18,0,1,0,0,0,0,0,0,0,0,0,0,0,0,0
654,TotheparkTeam,3085027,0,0,0,0,0,0,0,1,636,-18,0,1,0,0,0,0,0,0,0,0,0,0,0,0,0
655,Cesstyx,3093520,0,0,0,0,0,0,0,1,637,-18,0,1,0,0,0,0,0,0,0,0,0,0,0,0,0
656,xdd,3104951,0,0,0,0,0,0,0,1,638,-18,0,1,0,0,0,0,0,0,0,0,0,0,0,0,0
657,UltraEgo_,3105602,0,0,0,0,0,0,0,1,639,-18,0,1,0,0,0,0,0,0,0,0,0,0,0,0,0
658,J0hnWick,3107900,0,0,0,0,0,0,0,1,640,-18,0,1,0,0,0,0,0,0,0,0,0,0,0,0,0
659,Messi_10,3108053,0,0,0,0,0,0,0,1,641,-18,0,1,0,0,0,0,0,0,0,0,0,0,0,0,0
660,TXCsingularity,3111083,0,0,0,0,0,0,0,1,642,-18,0,1,0,0,0,0,0,0,0,0,0,0,0,0,0
661,ChaoticMTG,3117739,0,0,0,0,0,0,0,1,643,-18,0,1,0,0,0,0,0,0,0,0,0,0,0,0,0
662,SafetyHazard,3124711,0,0,0,0,0,0,0,1,644,-18,0,1,0,0,0,0,0,0,0,0,0,0,0,0,0
663,BulletBombFTW,3128402,0,0,0,0,0,0,0,1,645,-18,0,1,0,0,0,0,0,0,0,0,0,0,0,0,0
664,Rock889,3129850,0,0,0,0,0,0,0,1,646,-18,0,1,0,0,0,0,0,0,0,0,0,0,0,0,0
665,brunoprince,3131948,0,0,0,0,0,0,0,1,647,-18,0,1,0,0,0,0,0,0,0,0,0,0,0,0,0
666,ZKG,3133905,0,0,0,0,0,0,0,1,648,-18,0,1,0,0,0,0,0,0,0,0,0,0,0,0,0
667,alpi61,3139023,0,0,0,0,0,0,0,1,649,-18,0,1,0,0,0,0,0,0,0,0,0,0,0,0,0
668,Allezlesbleusallez,3139064,0,0,0,0,0,0,0,1,650,-18,0,1,0,0,0,0,0,0,0,0,0,0,0,0,0
669,DayBreakMe,3143667,0,0,0,0,0,0,0,1,651,-18,0,1,0,0,0,0,0,0,0,0,0,0,0,0,0
670,MyPotatoes,3147183,0,0,0,0,0,0,0,1,652,-18,0,1,0,0,0,0,0,0,0,0,0,0,0,0,0
671,AmadeusPro,3148678,0,0,0,0,0,0,0,1,653,-18,0,1,0,0,0,0,0,0,0,0,0,0,0,0,0
672,Beadsley,3155269,0,0,0,0,0,0,0,1,654,-18,0,1,0,0,0,0,0,0,0,0,0,0,0,0,0
673,Ghift,3157325,0,0,0,0,0,0,0,1,655,-18,0,1,0,0,0,0,0,0,0,0,0,0,0,0,0
674,Jungski,3169912,0,0,0,0,0,0,0,1,656,-18,0,1,0,0,0,0,0,0,0,0,0,0,0,0,0
675,AChord4Five,3177282,0,0,0,0,0,0,0,1,657,-18,0,1,0,0,0,0,0,0,0,0,0,0,0,0,0
676,GzusReturned,3178392,0,0,0,0,0,0,0,1,658,-18,0,1,0,0,0,0,0,0,0,0,0,0,0,0,0
677,yeojlil,3183766,0,0,0,0,0,0,0,1,659,-18,0,1,0,0,0,0,0,0,0,0,0,0,0,0,0
678,RTR_,3186428,0,0,0,0,0,0,0,1,660,-18,0,1,0,0,0,0,0,0,0,0,0,0,0,0,0
679,Preparation,3190603,0,0,0,0,0,0,0,1,662,-17,0,1,0,0,0,0,0,0,0,0,0,0,0,0,0
680,Ferruch,3191878,0,0,0,0,0,0,0,1,663,-17,0,1,0,0,0,0,0,0,0,0,0,0,0,0,0
681,La_Ele,3211090,0,0,0,0,0,0,0,1,664,-17,0,1,0,0,0,0,0,0,0,0,0,0,0,0,0
682,DskBayWolf,3220713,0,0,0,0,0,0,0,1,665,-17,0,1,0,0,0,0,0,0,0,0,0,0,0,0,0
683,DB_cinabiondo,3223350,0,0,0,0,0,0,0,1,666,-17,0,1,0,0,0,0,0,0,0,0,0,0,0,0,0
684,DB_Hotashi,3223361,0,0,0,0,0,0,0,1,,,,,,,,,,,,,,,,,
685,PoderosissimoNinja,3224244,0,0,0,0,0,0,0,1,667,-18,0,1,0,0,0,0,0,0,0,0,0,0,0,0,0
686,Devoured,3230515,0,0,0,0,0,0,0,1,668,-18,0,1,0,0,0,0,0,0,0,0,0,0,0,0,0
687,SpottyDog,3230953,0,0,0,0,0,0,0,1,669,-18,0,1,0,0,0,0,0,0,0,0,0,0,0,0,0
688,TheSlickshotGang,3232689,0,0,0,0,0,0,0,1,670,-18,0,1,0,0,0,0,0,0,0,0,0,0,0,0,0
689,chanel-santini,3235028,0,0,0,0,0,0,0,1,671,-18,0,1,0,0,0,0,0,0,0,0,0,0,0,0,0
690,TheRussianGuy,3251344,0,0,0,0,0,0,0,1,672,-18,0,1,0,0,0,0,0,0,0,0,0,0,0,0,0
691,Ezra95,3253411,0,0,0,0,0,0,0,1,673,-18,0,1,0,0,0,0,0,0,0,0,0,0,0,0,0
692,WaffleWiz,3254787,0,0,0,0,0,0,0,1,,,,,,,,,,,,,,,,,
693,WizWiddle,3263875,0,0,0,0,0,0,0,1,675,-18,0,1,0,0,0,0,0,0,0,0,0,0,0,0,0
694,Ploople,3279763,0,0,0,0,0,0,0,1,676,-18,0,1,0,0,0,0,0,0,0,0,0,0,0,0,0
695,DannyTigrai,3283837,0,0,0,0,0,0,0,1,677,-18,0,1,0,0,0,0,0,0,0,0,0,0,0,0,0
696,Scooby_Snacks,3285170,0,0,0,0,0,0,0,1,678,-18,0,1,0,0,0,0,0,0,0,0,0,0,0,0,0
697,DB_Wishful14,3294235,0,0,0,0,0,0,0,1,679,-18,0,1,0,0,0,0,0,0,0,0,0,0,0,0,0
698,VitorCarvalho01,3295882,0,0,0,0,0,0,0,1,680,-18,0,1,0,0,0,0,0,0,0,0,0,0,0,0,0
699,DB_Heisen01,3298248,0,0,0,0,0,0,0,1,681,-18,0,1,0,0,0,0,0,0,0,0,0,0,0,0,0
700,DB_BFG,3308824,0,0,0,0,0,0,0,1,682,-18,0,1,0,0,0,0,0,0,0,0,0,0,0,0,0
701,Topdecker8000,3309051,0,0,0,0,0,0,0,1,683,-18,0,1,0,0,0,0,0,0,0,0,0,0,0,0,0
702,TomJubarte,3310069,0,0,0,0,0,0,0,1,684,-18,0,1,0,0,0,0,0,0,0,0,0,0,0,0,0
703,golfsapao,3311205,0,0,0,0,0,0,0,1,685,-18,0,1,0,0,0,0,0,0,0,0,0,0,0,0,0
704,guibracale,3324408,0,0,0,0,0,0,0,1,686,-18,0,1,0,0,0,0,0,0,0,0,0,0,0,0,0
705,Profnatedogsc,3324599,0,0,0,0,0,0,0,1,687,-18,0,1,0,0,0,0,0,0,0,0,0,0,0,0,0
706,Chillbais,3360797,0,0,0,0,0,0,0,1,688,-18,0,1,0,0,0,0,0,0,0,0,0,0,0,0,0
707,Spellyp,3373315,0,0,0,0,0,0,0,1,689,-18,0,1,0,0,0,0,0,0,0,0,0,0,0,0,0
708,KangXiaotian,3377456,0,0,0,0,0,0,0,1,690,-18,0,1,0,0,0,0,0,0,0,0,0,0,0,0,0
709,JonDaBill,3382957,0,0,0,0,0,0,0,1,691,-18,0,1,0,0,0,0,0,0,0,0,0,0,0,0,0
710,ttv_kingjulien,3385120,0,0,0,0,0,0,0,1,692,-18,0,1,0,0,0,0,0,0,0,0,0,0,0,0,0
711,Hooti,3400811,0,0,0,0,0,0,0,1,693,-18,0,1,0,0,0,0,0,0,0,0,0,0,0,0,0
712,dreezus,3412540,0,0,0,0,0,0,0,1,694,-18,0,1,0,0,0,0,0,0,0,0,0,0,0,0,0
713,VintageCulture,3421630,0,0,0,0,0,0,0,1,695,-18,0,1,0,0,0,0,0,0,0,0,0,0,0,0,0
714,koira_simo,3436352,0,0,0,0,0,0,0,1,696,-18,0,1,0,0,0,0,0,0,0,0,0,0,0,0,0
715,GLSwadow,3438702,0,0,0,0,0,0,0,1,697,-18,0,1,0,0,0,0,0,0,0,0,0,0,0,0,0
716,Peter__Rabbit,3456669,0,0,0,0,0,0,0,1,698,-18,0,1,0,0,0,0,0,0,0,0,0,0,0,0,0
717,diogodesouzajr,3464245,0,0,0,0,0,0,0,1,699,-18,0,1,0,0,0,0,0,0,0,0,0,0,0,0,0
718,Davidowiz,3467306,0,0,0,0,0,0,0,1,700,-18,0,1,0,0,0,0,0,0,0,0,0,0,0,0,0
719,dawido,3470560,0,0,0,0,0,0,0,1,701,-18,0,1,0,0,0,0,0,0,0,0,0,0,0,0,0
720,VizosMTG,3474034,0,0,0,0,0,0,0,1,702,-18,0,1,0,0,0,0,0,0,0,0,0,0,0,0,0
721,TreeStain,3475589,0,0,0,0,0,0,0,1,703,-18,0,1,0,0,0,0,0,0,0,0,0,0,0,0,0
722,ReservoirMog,3481307,0,0,0,0,0,0,0,1,704,-18,0,1,0,0,0,0,0,0,0,0,0,0,0,0,0
723,Timojinn,3482097,0,0,0,0,0,0,0,1,705,-18,0,1,0,0,0,0,0,0,0,0,0,0,0,0,0
724,avishai-elma,3485476,0,0,0,0,0,0,0,1,706,-18,0,1,0,0,0,0,0,0,0,0,0,0,0,0,0
725,yourbunnywr0te,3499892,0,0,0,0,0,0,0,1,707,-18,0,1,0,0,0,0,0,0,0,0,0,0,0,0,0
726,Eddard99,3504797,0,0,0,0,0,0,0,1,708,-18,0,1,0,0,0,0,0,0,0,0,0,0,0,0,0
727,Rumpler,3505480,0,0,0,0,0,0,0,1,,,,,,,,,,,,,,,,,
728,virp13,3525848,0,0,0,0,0,0,0,1,709,-19,0,1,0,0,0,0,0,0,0,0,0,0,0,0,0
729,PearMist,3537940,0,0,0,0,0,0,0,1,710,-19,0,1,0,0,0,0,0,0,0,0,0,0,0,0,0
730,tuckedaway,3549549,0,0,0,0,0,0,0,1,711,-19,0,1,0,0,0,0,0,0,0,0,0,0,0,0,0
731,hellisreal,3551942,0,0,0,0,0,0,0,1,712,-19,0,1,0,0,0,0,0,0,0,0,0,0,0,0,0
732,_EndGame_,3555958,0,0,0,0,0,0,0,1,713,-19,0,1,0,0,0,0,0,0,0,0,0,0,0,0,0
733,I_Cant_Read,3558262,0,0,0,0,0,0,0,1,714,-19,0,1,0,0,0,0,0,0,0,0,0,0,0,0,0
734,_Atraxa_,3560970,0,0,0,0,0,0,0,1,715,-19,0,1,0,0,0,0,0,0,0,0,0,0,0,0,0
735,NathanDrake,3571961,0,0,0,0,0,0,0,1,716,-19,0,1,0,0,0,0,0,0,0,0,0,0,0,0,0
736,Enjoy_The_Silence,3571965,0,0,0,0,0,0,0,1,717,-19,0,1,0,0,0,0,0,0,0,0,0,0,0,0,0
737,ArthurMorgan,3572741,0,0,0,0,0,0,0,1,718,-19,0,1,0,0,0,0,0,0,0,0,0,0,0,0,0
738,SabrinaCarpenter,3572755,0,0,0,0,0,0,0,1,719,-19,0,1,0,0,0,0,0,0,0,0,0,0,0,0,0
739,Nyxen,3578004,0,0,0,0,0,0,0,1,720,-19,0,1,0,0,0,0,0,0,0,0,0,0,0,0,0
740,zafbrulla,3579040,0,0,0,0,0,0,0,1,721,-19,0,1,0,0,0,0,0,0,0,0,0,0,0,0,0
741,Korw,206029,0,0,0,0,0,0,0,2,722,-19,0,2,0,0,0,0,0,0,0,0,0,0,0,0,0
742,caquaa,221272,0,0,0,0,0,0,0,2,723,-19,0,2,0,0,0,0,0,0,0,0,0,0,0,0,0
743,Phryziel,301933,0,0,0,0,0,0,0,2,724,-19,0,2,0,0,0,0,0,0,0,0,0,0,0,0,0
744,fingers1991,336006,0,0,0,0,0,0,0,2,725,-19,0,2,0,0,0,0,0,0,0,0,0,0,0,0,0
745,sgcyrus,434546,0,0,0,0,0,0,0,2,726,-19,0,2,0,0,0,0,0,0,0,0,0,0,0,0,0
746,levunga21,494936,0,0,0,0,0,0,0,2,727,-19,0,2,0,0,0,0,0,0,0,0,0,0,0,0,0
747,medvedev,741295,0,0,0,0,0,0,0,2,498,-249,0,1,0,0,0,0,0,0,1,0,0,0,0,0,0
748,Boucha,844369,0,0,0,0,0,0,0,2,728,-20,0,2,0,0,0,0,0,0,0,0,0,0,0,0,0
749,RainerZahnfall92,1023580,0,0,0,0,0,0,0,2,729,-20,0,2,0,0,0,0,0,0,0,0,0,0,0,0,0
750,MattTumavitch13,1130054,0,0,0,0,0,0,0,2,731,-19,0,2,0,0,0,0,0,0,0,0,0,0,0,0,0
751,Antarctica,1163110,0,0,0,0,0,0,0,2,732,-19,0,2,0,0,0,0,0,0,0,0,0,0,0,0,0
752,rn17,1183813,0,0,0,0,0,0,0,2,733,-19,0,2,0,0,0,0,0,0,0,0,0,0,0,0,0
753,_Tia93_,1216580,0,0,0,0,0,0,0,2,734,-19,0,2,0,0,0,0,0,0,0,0,0,0,0,0,0
754,BWG,1589985,0,0,0,0,0,0,0,2,735,-19,0,2,0,0,0,0,0,0,0,0,0,0,0,0,0
755,Hazzrd,1695657,0,0,0,0,0,0,0,2,736,-19,0,2,0,0,0,0,0,0,0,0,0,0,0,0,0
756,NotCorazon,1755885,0,0,0,0,0,0,0,2,737,-19,0,2,0,0,0,0,0,0,0,0,0,0,0,0,0
757,TeamGreed,1855680,0,0,0,0,0,0,0,2,738,-19,0,2,0,0,0,0,0,0,0,0,0,0,0,0,0
758,sidisi,1944075,0,0,0,0,0,0,0,2,739,-19,0,2,0,0,0,0,0,0,0,0,0,0,0,0,0
759,btail08,1980653,0,0,0,0,0,0,0,2,740,-19,0,2,0,0,0,0,0,0,0,0,0,0,0,0,0
760,Jedgi,1996271,0,0,0,0,0,0,0,2,741,-19,0,2,0,0,0,0,0,0,0,0,0,0,0,0,0
761,soggymeatball,2127900,0,0,0,0,0,0,0,2,742,-19,0,2,0,0,0,0,0,0,0,0,0,0,0,0,0
762,nv_goblin,2147397,0,0,0,0,0,0,0,2,743,-19,0,2,0,0,0,0,0,0,0,0,0,0,0,0,0
763,Polikasoll,2237473,0,0,0,0,0,0,0,2,744,-19,0,2,0,0,0,0,0,0,0,0,0,0,0,0,0
764,IAreDeaded,2239652,0,0,0,0,0,0,0,2,745,-19,0,2,0,0,0,0,0,0,0,0,0,0,0,0,0
765,Comrade1312,2412485,0,0,0,0,0,0,0,2,746,-19,0,2,0,0,0,0,0,0,0,0,0,0,0,0,0
766,Dirty0wl,2682368,0,0,0,0,0,0,0,2,747,-19,0,2,0,0,0,0,0,0,0,0,0,0,0,0,0
767,Sorathrix,2705240,0,0,0,0,0,0,0,2,748,-19,0,2,0,0,0,0,0,0,0,0,0,0,0,0,0
768,Skadonk,2725080,0,0,0,0,0,0,0,2,749,-19,0,2,0,0,0,0,0,0,0,0,0,0,0,0,0
769,boytriton,2840388,0,0,0,0,0,0,0,2,750,-19,0,2,0,0,0,0,0,0,0,0,0,0,0,0,0
770,thatguy_champ,2917923,0,0,0,0,0,0,0,2,751,-19,0,2,0,0,0,0,0,0,0,0,0,0,0,0,0
771,EnderW,2945081,0,0,0,0,0,0,0,2,753,-18,0,2,0,0,0,0,0,0,0,0,0,0,0,0,0
772,NJ5030,3042804,0,0,0,0,0,0,0,2,754,-18,0,2,0,0,0,0,0,0,0,0,0,0,0,0,0
773,DelverFofoqueiro,3095953,0,0,0,0,0,0,0,2,755,-18,0,2,0,0,0,0,0,0,0,0,0,0,0,0,0
774,Mad_Manaman,3110481,0,0,0,0,0,0,0,2,756,-18,0,2,0,0,0,0,0,0,0,0,0,0,0,0,0
775,crazythursday,3116151,0,0,0,0,0,0,0,2,757,-18,0,2,0,0,0,0,0,0,0,0,0,0,0,0,0
776,Tegutten,3294906,0,0,0,0,0,0,0,2,758,-18,0,2,0,0,0,0,0,0,0,0,0,0,0,0,0
777,Marlin583,3350667,0,0,0,0,0,0,0,2,760,-17,0,2,0,0,0,0,0,0,0,0,0,0,0,0,0
778,13uttchug,3361190,0,0,0,0,0,0,0,2,761,-17,0,2,0,0,0,0,0,0,0,0,0,0,0,0,0
779,Denisevich,3416878,0,0,0,0,0,0,0,2,762,-17,0,2,0,0,0,0,0,0,0,0,0,0,0,0,0
780,AFitzsimmons,3417339,0,0,0,0,0,0,0,2,763,-17,0,2,0,0,0,0,0,0,0,0,0,0,0,0,0
781,benebeats,3462412,0,0,0,0,0,0,0,2,764,-17,0,2,0,0,0,0,0,0,0,0,0,0,0,0,0
782,JoshFreeman,3530493,0,0,0,0,0,0,0,2,765,-17,0,2,0,0,0,0,0,0,0,0,0,0,0,0,0
783,ybai34,3533340,0,0,0,0,0,0,0,2,766,-17,0,2,0,0,0,0,0,0,0,0,0,0,0,0,0
784,KaosNiller,3562443,0,0,0,0,0,0,0,2,767,-17,0,2,0,0,0,0,0,0,0,0,0,0,0,0,0
785,Ares80,240494,0,0,0,0,0,0,0,3,768,-17,0,3,0,0,0,0,0,0,0,0,0,0,0,0,0
786,swff,856754,0,0,0,0,0,0,0,3,769,-17,0,3,0,0,0,0,0,0,0,0,0,0,0,0,0
787,MTGBananasack,1122967,0,0,0,0,0,0,0,3,730,-57,0,2,0,0,0,0,0,0,1,0,0,0,0,0,0
788,Allos,1222878,0,0,0,0,0,0,0,3,770,-18,0,3,0,0,0,0,0,0,0,0,0,0,0,0,0
789,Moaddin1186,1490004,0,0,0,0,0,0,0,3,771,-18,0,3,0,0,0,0,0,0,0,0,0,0,0,0,0
790,KLVR,2988103,0,0,0,0,0,0,0,3,773,-17,0,3,0,0,0,0,0,0,0,0,0,0,0,0,0
791,Frazzoilpazzo,3324343,0,0,0,0,0,0,0,3,759,-32,0,2,0,0,0,0,0,0,1,0,0,0,0,0,0
792,Dioferreira,1950164,0,0,0,0,0,0,0,4,772,-20,0,3,0,0,0,0,0,0,1,0,0,0,0,0,0
793,Giox96,2755417,0,0,0,0,0,0,0,5,774,-19,0,5,0,0,0,0,0,0,0,0,0,0,0,0,0
794,Arkmaru,2797293,0,0,0,0,0,0,0,5,775,-19,0,5,0,0,0,0,0,0,0,0,0,0,0,0,0
795,SuperCow12653,2064081,0,0,0,0,0,0,0,6,776,-19,0,6,0,0,0,0,0,0,0,0,0,0,0,0,0
