pattern,archetype,match_type,priority
4/5c Omnath,Midrange,exact,1
4c Control,Control,exact,1
4C Energy,Aggro,exact,1
4c HollowOne,Graveyard,exact,1
4c Midrange,Midrange,exact,1
4c Omnath,Midrange,exact,1
5c Midrange,Midrange,exact,1
Affinity,Aggro,exact,1
Amulet Titan,Combo,exact,1
Asmo Food,Combo,exact,1
Azorius Blink,Blink,exact,1
Azorius Control,Control,exact,1
Azorius Energy,Control,exact,1
Azorius GenericBlink,Blink,exact,1
Bant Blink,Blink,exact,1
Bant GenericBlink,Blink,exact,1
Belcher,Combo,exact,1
BG,Midrange,exact,1
Bogles,Aggro,exact,1
Boros Burn,Aggro,exact,1
Boros Energy,Aggro,exact,1
Boros Midrange,Midrange,exact,1
Boros Ponza,Control,exact,1
BR,Aggro,exact,1
BRG,Midrange,exact,1
Broodscale Combo,Combo,exact,1
Burn,Aggro,exact,1
Crashing Footfalls,Combo,exact,1
Death & Taxes,Control,exact,1
Death's Shadow,Aggro,exact,1
Devoted Combo,Combo,exact,1
Dimir Control,Control,exact,1
Dimir Faeries,Aggro,exact,1
Dimir Midrange,Midrange,exact,1
Dimir Mill,Combo,exact,1
Dimir Murktide,Midrange,exact,1
Dimir Reanimator,Graveyard,exact,1
Dimir Tezzerator,Midrange,exact,1
Domain Zoo,Midrange,exact,1
Eldrazi,Combo,exact,1
Eldrazi Ramp,Ramp,exact,1
Eldrazi Tron,Ramp,exact,1
Esper Blink,Blink,exact,1
Esper Control,Control,exact,1
Esper GenericBlink,Blink,exact,1
Esper Midrange,Midrange,exact,1
Esper Mill,Combo,exact,1
Esper Murktide,Midrange,exact,1
Esper Reanimator,Graveyard,exact,1
G,Ramp,exact,1
Generic Ragavan,Aggro,exact,1
Goblins,Aggro,exact,1
Golgari Basking Broodscale Combo,Combo,exact,1
Goryo's Vengeance,Graveyard,exact,1
Green Devotion,Ramp,exact,1
Grixis Control,Control,exact,1
Grixis Cutter,Aggro,exact,1
Grixis Midrange,Midrange,exact,1
Grixis Murktide,Midrange,exact,1
Grixis Prowess,Aggro,exact,1
Grixis Reanimator,Graveyard,exact,1
Gruul Basking Broodscale Combo,Combo,exact,1
Gruul Midrange,Midrange,exact,1
Gruul Prowess,Aggro,exact,1
Hammer Time,Combo,exact,1
Hardened Scales,Aggro,exact,1
Hollow One,Graveyard,exact,1
Humans,Aggro,exact,1
Indomitable Creativity,Combo,exact,1
Infect,Aggro,exact,1
Izzet Control,Control,exact,1
Izzet Cutter,Aggro,exact,1
Izzet Phoenix,Aggro,exact,1
Izzet Prowess,Aggro,exact,1
Izzet Splinter Twin,Combo,exact,1
Izzet Steel-Cutter,Aggro,exact,1
IzzetControl,Control,exact,1
Jeskai Blink,Blink,exact,1
Jeskai Control,Control,exact,1
Jeskai Energy,Aggro,exact,1
Jeskai Steel-Cutter,Aggro,exact,1
Jeskai Stoneblade,Control,exact,1
Jund,Midrange,exact,1
Jund Saga,Midrange,exact,1
Kethis Combo,Combo,exact,1
Land Destruction,Control,exact,1
Lantern,Control,exact,1
Living End,Graveyard,exact,1
Mardu Blink,Blink,exact,1
Mardu Energy,Aggro,exact,1
Mardu GenericBlink,Blink,exact,1
Mardu HollowOne,Graveyard,exact,1
Merfolk,Aggro,exact,1
Mill,Combo,exact,1
Miracles,Control,exact,1
Mono-Black Midrange,Midrange,exact,1
Mono-Blue Tron,Ramp,exact,1
Mono-Green Basking Broodscale Combo,Combo,exact,1
Mono-Green Eldrazi,Ramp,exact,1
Mono-Green Midrange,Midrange,exact,1
Mono-Green Tron,Ramp,exact,1
Mono-Red Artifact Reanimation,Graveyard,exact,1
Mono-Red Burn,Aggro,exact,1
Mono-Red Cutter,Aggro,exact,1
Mono-White Control,Control,exact,1
Naya Burn,Aggro,exact,1
Naya Energy,Aggro,exact,1
Necrodominance,Control,exact,1
Neobrand,Combo,exact,1
Orzhov Blink,Blink,exact,1
Orzhov GenericBlink,Blink,exact,1
Orzhov Midrange,Midrange,exact,1
Prowess,Aggro,exact,1
R,Aggro,exact,1
Ragavan,Aggro,exact,1
Rakdos Aggro,Aggro,exact,1
Rakdos Delirium,Aggro,exact,1
Rakdos HollowOne,Graveyard,exact,1
Rakdos Midrange,Midrange,exact,1
RG,Ramp,exact,1
Ruby Storm,Combo,exact,1
Sam Combo,Combo,exact,1
Selective Oracle,Combo,exact,1
Selesnya Blink,Blink,exact,1
Selesnya Energy,Aggro,exact,1
Selesnya GenericBlink,Blink,exact,1
Simic Basking Broodscale Combo,Combo,exact,1
Simic Midrange,Midrange,exact,1
Song of Creation,Combo,exact,1
Sultai Midrange,Midrange,exact,1
Sultai Murktide,Midrange,exact,1
Sultai Ritual,Midrange,exact,1
Temur Breach,Combo,exact,1
Temur Cutter,Aggro,exact,1
Temur Prowess,Aggro,exact,1
Temur Scapeshift,Ramp,exact,1
The Rock,Midrange,exact,1
Through the Breach,Combo,exact,1
Tron,Ramp,exact,1
UB,Control,exact,1
UBR,Midrange,exact,1
UBRG,Control,exact,1
UG,Combo,exact,1
UR,Aggro,exact,1
UR Loki,Control,exact,1
URG,Midrange,exact,1
UW Control,Control,exact,1
UW Loki,Control,exact,1
W,Aggro,exact,1
WBG,Midrange,exact,1
WBR,Midrange,exact,1
WBRG,Control,exact,1
WG,Aggro,exact,1
WR,Control,exact,1
WRG,Combo,exact,1
WU,Control,exact,1
WUB,Blink,exact,1
WUBR,Control,exact,1
WUBRG,Control,exact,1
WUG,Midrange,exact,1
WUR,Midrange,exact,1
WURG,Control,exact,1
Yawgmoth,Midrange,exact,1
Blink,Blink,contains,2
Yawgmoth,Midrange,contains,2
Eldrazi,Ramp,contains,3
Energy,Aggro,contains,3
Burn,Aggro,contains,10
Control,Control,contains,10
Midrange,Midrange,contains,10
Prowess,Aggro,contains,10
Storm,Combo,contains,10
Tron,Ramp,contains,10
