EventDate,IngestedAt,EventID,EventName,EventType,Format,Season,LoginID,Name,Placement,PointsAwarded
2026-09-01,2026-09-03T08:28:55Z,12853219,Modern Challenge 32,challenge,modern,Autumn 2026,1942357,nahuel10,1,5
2026-09-01,2026-09-03T08:28:55Z,12853219,Modern Challenge 32,challenge,modern,Autumn 2026,2275355,yuhewang,2,4
2026-09-01,2026-09-03T08:28:55Z,12853219,Modern Challenge 32,challenge,modern,Autumn 2026,2235773,Sunbird17,3,3
2026-09-01,2026-09-03T08:28:55Z,12853219,Modern Challenge 32,challenge,modern,Autumn 2026,2764694,Brunes,4,3
2026-09-01,2026-09-03T08:28:55Z,12853219,Modern Challenge 32,challenge,modern,Autumn 2026,1237388,shindy,5,2
2026-09-01,2026-09-03T08:28:55Z,12853219,Modern Challenge 32,challenge,modern,Autumn 2026,2651868,jvidarte,6,2
2026-09-01,2026-09-03T08:28:55Z,12853219,Modern Challenge 32,challenge,modern,Autumn 2026,736792,Misplacedginger,7,2
2026-09-01,2026-09-03T08:28:55Z,12853219,Modern Challenge 32,challenge,modern,Autumn 2026,2914916,XantosCell,8,2
2026-09-01,2026-09-03T08:28:55Z,12853219,Modern Challenge 32,challenge,modern,Autumn 2026,3013293,VictorEsquici,9,1
2026-09-01,2026-09-03T08:28:55Z,12853219,Modern Challenge 32,challenge,modern,Autumn 2026,3185788,JhonnySeJugar,10,1
2026-09-01,2026-09-03T08:28:55Z,12853219,Modern Challenge 32,challenge,modern,Autumn 2026,2689691,Relieve,11,1
2026-09-01,2026-09-03T08:28:55Z,12853219,Modern Challenge 32,challenge,modern,Autumn 2026,2928451,YungDingo,12,1
2026-09-01,2026-09-03T08:28:55Z,12853219,Modern Challenge 32,challenge,modern,Autumn 2026,2858193,oinkmage22,13,1
2026-09-01,2026-09-03T08:28:55Z,12853219,Modern Challenge 32,challenge,modern,Autumn 2026,2751360,Azja,14,1
2026-09-01,2026-09-03T08:28:55Z,12853219,Modern Challenge 32,challenge,modern,Autumn 2026,3034834,littesir095,15,1
2026-09-01,2026-09-03T08:28:55Z,12853219,Modern Challenge 32,challenge,modern,Autumn 2026,1076951,Kuhmero,16,1
2026-09-01,2026-09-03T08:28:55Z,12853219,Modern Challenge 32,challenge,modern,Autumn 2026,1222878,Allos,17,0
2026-09-01,2026-09-03T08:28:55Z,12853219,Modern Challenge 32,challenge,modern,Autumn 2026,1896339,WestvalePreacher,18,0
2026-09-01,2026-09-03T08:28:55Z,12853219,Modern Challenge 32,challenge,modern,Autumn 2026,1589985,BWG,19,0
2026-09-01,2026-09-03T08:28:55Z,12853219,Modern Challenge 32,challenge,modern,Autumn 2026,2449332,xfile,20,0
2026-09-01,2026-09-03T08:28:55Z,12853219,Modern Challenge 32,challenge,modern,Autumn 2026,2232658,xl_snapcaster,21,0
2026-09-01,2026-09-03T08:28:55Z,12853219,Modern Challenge 32,challenge,modern,Autumn 2026,2261440,quinniac,22,0
2026-09-01,2026-09-03T08:28:55Z,12853219,Modern Challenge 32,challenge,modern,Autumn 2026,3135948,parasisnotcool,23,0
2026-09-01,2026-09-03T08:28:55Z,12853219,Modern Challenge 32,challenge,modern,Autumn 2026,1755885,NotCorazon,24,0
2026-09-01,2026-09-03T08:28:55Z,12853219,Modern Challenge 32,challenge,modern,Autumn 2026,911305,kerion117,25,0
2026-09-01,2026-09-03T08:28:55Z,12853219,Modern Challenge 32,challenge,modern,Autumn 2026,2911978,Pompuskaya,26,0
2026-09-01,2026-09-03T08:28:55Z,12853219,Modern Challenge 32,challenge,modern,Autumn 2026,1054408,Flossing,27,0
2026-09-01,2026-09-03T08:28:55Z,12853219,Modern Challenge 32,challenge,modern,Autumn 2026,880239,jussupinator,28,0
2026-09-01,2026-09-03T08:28:55Z,12853219,Modern Challenge 32,challenge,modern,Autumn 2026,1952341,ejk,29,0
2026-09-01,2026-09-03T08:28:55Z,12853219,Modern Challenge 32,challenge,modern,Autumn 2026,2871058,Eyelash,30,0
2026-09-01,2026-09-03T08:28:55Z,12853219,Modern Challenge 32,challenge,modern,Autumn 2026,1229784,Cake363,31,0
2026-09-01,2026-09-03T08:28:55Z,12853219,Modern Challenge 32,challenge,modern,Autumn 2026,2446403,justFeather,32,0
2026-09-01,2026-09-03T08:28:55Z,12853220,Modern Challenge 16,challenge,modern,Autumn 2026,1126161,alexeezayyy,1,5
2026-09-01,2026-09-03T08:28:55Z,12853220,Modern Challenge 16,challenge,modern,Autumn 2026,737594,hanshq,2,4
2026-09-01,2026-09-03T08:28:55Z,12853220,Modern Challenge 16,challenge,modern,Autumn 2026,1237388,shindy,3,3
2026-09-01,2026-09-03T08:28:55Z,12853220,Modern Challenge 16,challenge,modern,Autumn 2026,1703735,meanfannypack,4,3
2026-09-01,2026-09-03T08:28:55Z,12853220,Modern Challenge 16,challenge,modern,Autumn 2026,3509735,SFDK,5,2
2026-09-01,2026-09-03T08:28:55Z,12853220,Modern Challenge 16,challenge,modern,Autumn 2026,3254577,The_shallow_grave,6,2
2026-09-01,2026-09-03T08:28:55Z,12853220,Modern Challenge 16,challenge,modern,Autumn 2026,1964476,Cptwalnut,7,2
2026-09-01,2026-09-03T08:28:55Z,12853220,Modern Challenge 16,challenge,modern,Autumn 2026,2995055,Deathmaxx,8,2
2026-09-01,2026-09-03T08:28:55Z,12853220,Modern Challenge 16,challenge,modern,Autumn 2026,3106168,Reiam,9,1
2026-09-01,2026-09-03T08:28:55Z,12853220,Modern Challenge 16,challenge,modern,Autumn 2026,2911978,Pompuskaya,10,1
2026-09-01,2026-09-03T08:28:55Z,12853220,Modern Challenge 16,challenge,modern,Autumn 2026,3141690,filpin,11,1
2026-09-01,2026-09-03T08:28:55Z,12853220,Modern Challenge 16,challenge,modern,Autumn 2026,1727039,duanceyao,12,1
2026-09-01,2026-09-03T08:28:55Z,12853220,Modern Challenge 16,challenge,modern,Autumn 2026,1712831,toondoslav,13,1
2026-09-01,2026-09-03T08:28:55Z,12853220,Modern Challenge 16,challenge,modern,Autumn 2026,1181017,JPA93,14,1
2026-09-01,2026-09-03T08:28:55Z,12853220,Modern Challenge 16,challenge,modern,Autumn 2026,2871058,Eyelash,15,1
2026-09-01,2026-09-03T08:28:55Z,12853220,Modern Challenge 16,challenge,modern,Autumn 2026,1778538,Attomium,16,1
2026-09-01,2026-09-03T08:28:55Z,12853220,Modern Challenge 16,challenge,modern,Autumn 2026,1630278,bbotonline,17,0
2026-09-01,2026-09-03T08:28:55Z,12853220,Modern Challenge 16,challenge,modern,Autumn 2026,1700365,Tetsubou,18,0
2026-09-01,2026-09-03T08:28:55Z,12853220,Modern Challenge 16,challenge,modern,Autumn 2026,676549,Alakai,19,0
2026-09-01,2026-09-03T08:28:55Z,12853220,Modern Challenge 16,challenge,modern,Autumn 2026,3220713,DskBayWolf,20,0
2026-09-01,2026-09-03T08:28:55Z,12853220,Modern Challenge 16,challenge,modern,Autumn 2026,1942357,nahuel10,21,0
2026-09-01,2026-09-03T08:28:55Z,12853220,Modern Challenge 16,challenge,modern,Autumn 2026,856754,swff,22,0
2026-09-01,2026-09-03T08:28:55Z,12853220,Modern Challenge 16,challenge,modern,Autumn 2026,3555118,WhiteNinja,23,0
2026-09-01,2026-09-03T08:28:55Z,12853220,Modern Challenge 16,challenge,modern,Autumn 2026,3477626,Serosocram,24,0
2026-09-01,2026-09-03T08:28:55Z,12853220,Modern Challenge 16,challenge,modern,Autumn 2026,2045661,Nangurus,25,0
2026-09-01,2026-09-03T08:28:55Z,12853220,Modern Challenge 16,challenge,modern,Autumn 2026,3161999,Shadow_Scar,26,0
2026-09-01,2026-09-03T08:28:55Z,12853220,Modern Challenge 16,challenge,modern,Autumn 2026,1938267,Moniz0801,27,0
2026-09-01,2026-09-03T08:28:55Z,12853220,Modern Challenge 16,challenge,modern,Autumn 2026,3129850,Rock889,28,0
2026-09-01,2026-09-03T08:28:55Z,12853220,Modern Challenge 16,challenge,modern,Autumn 2026,3105602,UltraEgo_,29,0
2026-09-01,2026-09-03T08:28:55Z,12853220,Modern Challenge 16,challenge,modern,Autumn 2026,3315179,chagu,30,0
2026-09-01,2026-09-03T08:28:55Z,12853220,Modern Challenge 16,challenge,modern,Autumn 2026,2658587,EthanBird,31,0
2026-09-01,2026-09-03T08:28:55Z,12853220,Modern Challenge 16,challenge,modern,Autumn 2026,1490004,Moaddin1186,32,0
2026-09-01,2026-09-03T08:28:55Z,12853226,Modern Challenge 64,challenge,modern,Autumn 2026,1113267,yunk3r,1,5
2026-09-01,2026-09-03T08:28:55Z,12853226,Modern Challenge 64,challenge,modern,Autumn 2026,2708393,Latorretta,2,4
2026-09-01,2026-09-03T08:28:55Z,12853226,Modern Challenge 64,challenge,modern,Autumn 2026,2768190,BowBloBiw,3,3
2026-09-01,2026-09-03T08:28:55Z,12853226,Modern Challenge 64,challenge,modern,Autumn 2026,3364560,Craig_Long123,4,3
2026-09-01,2026-09-03T08:28:55Z,12853226,Modern Challenge 64,challenge,modern,Autumn 2026,2185747,KingHairy,5,2
2026-09-01,2026-09-03T08:28:55Z,12853226,Modern Challenge 64,challenge,modern,Autumn 2026,2042214,Selfeisek,6,2
2026-09-01,2026-09-03T08:28:55Z,12853226,Modern Challenge 64,challenge,modern,Autumn 2026,2153835,bkubit,7,2
2026-09-01,2026-09-03T08:28:55Z,12853226,Modern Challenge 64,challenge,modern,Autumn 2026,1059076,claudio0907,8,2
2026-09-01,2026-09-03T08:28:55Z,12853226,Modern Challenge 64,challenge,modern,Autumn 2026,443982,echecetmat35,9,1
2026-09-01,2026-09-03T08:28:55Z,12853226,Modern Challenge 64,challenge,modern,Autumn 2026,1778823,Beekeeper,10,1
2026-09-01,2026-09-03T08:28:55Z,12853226,Modern Challenge 64,challenge,modern,Autumn 2026,2682446,NyGames,11,1
2026-09-01,2026-09-03T08:28:55Z,12853226,Modern Challenge 64,challenge,modern,Autumn 2026,3161045,SlankyPotato,12,1
2026-09-01,2026-09-03T08:28:55Z,12853226,Modern Challenge 64,challenge,modern,Autumn 2026,277034,Marxelo,13,1
2026-09-01,2026-09-03T08:28:55Z,12853226,Modern Challenge 64,challenge,modern,Autumn 2026,3106246,fazparte,14,1
2026-09-01,2026-09-03T08:28:55Z,12853226,Modern Challenge 64,challenge,modern,Autumn 2026,104819,sicsmoo,15,1
2026-09-01,2026-09-03T08:28:55Z,12853226,Modern Challenge 64,challenge,modern,Autumn 2026,3551828,Mclopi,16,1
2026-09-01,2026-09-03T08:28:55Z,12853226,Modern Challenge 64,challenge,modern,Autumn 2026,3135877,eswaff,17,0
2026-09-01,2026-09-03T08:28:55Z,12853226,Modern Challenge 64,challenge,modern,Autumn 2026,2683189,Ale_Mtg,18,0
2026-09-01,2026-09-03T08:28:55Z,12853226,Modern Challenge 64,challenge,modern,Autumn 2026,2751360,Azja,19,0
2026-09-01,2026-09-03T08:28:55Z,12853226,Modern Challenge 64,challenge,modern,Autumn 2026,2064081,SuperCow12653,20,0
2026-09-01,2026-09-03T08:28:55Z,12853226,Modern Challenge 64,challenge,modern,Autumn 2026,2753736,RNicoF,21,0
2026-09-01,2026-09-03T08:28:55Z,12853226,Modern Challenge 64,challenge,modern,Autumn 2026,3438702,GLSwadow,22,0
2026-09-01,2026-09-03T08:28:55Z,12853226,Modern Challenge 64,challenge,modern,Autumn 2026,1237388,shindy,23,0
2026-09-01,2026-09-03T08:28:55Z,12853226,Modern Challenge 64,challenge,modern,Autumn 2026,2309846,bozo2112,24,0
2026-09-01,2026-09-03T08:28:55Z,12853226,Modern Challenge 64,challenge,modern,Autumn 2026,3560747,ipadkid,25,0
2026-09-01,2026-09-03T08:28:55Z,12853226,Modern Challenge 64,challenge,modern,Autumn 2026,2839061,MercurialChemister,26,0
2026-09-01,2026-09-03T08:28:55Z,12853226,Modern Challenge 64,challenge,modern,Autumn 2026,2856617,Off1ine__,27,0
2026-09-01,2026-09-03T08:28:55Z,12853226,Modern Challenge 64,challenge,modern,Autumn 2026,2169748,nomismagic,28,0
2026-09-01,2026-09-03T08:28:55Z,12853226,Modern Challenge 64,challenge,modern,Autumn 2026,1210536,musasabi,29,0
2026-09-01,2026-09-03T08:28:55Z,12853226,Modern Challenge 64,challenge,modern,Autumn 2026,575927,kentaro_hokori,30,0
2026-09-01,2026-09-03T08:28:55Z,12853226,Modern Challenge 64,challenge,modern,Autumn 2026,2981401,HuUeBR,31,0
2026-09-01,2026-09-03T08:28:55Z,12853226,Modern Challenge 64,challenge,modern,Autumn 2026,2903591,MeninoNey,32,0
2026-09-02,2026-09-04T06:16:12Z,12853228,Modern Challenge 32,challenge,modern,Autumn 2026,3227644,mommydom_manifesto,1,5
2026-09-02,2026-09-04T06:16:12Z,12853228,Modern Challenge 32,challenge,modern,Autumn 2026,2658587,EthanBird,2,4
2026-09-02,2026-09-04T06:16:12Z,12853228,Modern Challenge 32,challenge,modern,Autumn 2026,2139100,Manny-,3,3
2026-09-02,2026-09-04T06:16:12Z,12853228,Modern Challenge 32,challenge,modern,Autumn 2026,3485421,HolaChico,4,3
2026-09-02,2026-09-04T06:16:12Z,12853228,Modern Challenge 32,challenge,modern,Autumn 2026,2464763,Savior0117,5,2
2026-09-02,2026-09-04T06:16:12Z,12853228,Modern Challenge 32,challenge,modern,Autumn 2026,1237388,shindy,6,2
2026-09-02,2026-09-04T06:16:12Z,12853228,Modern Challenge 32,challenge,modern,Autumn 2026,3161045,SlankyPotato,7,2
2026-09-02,2026-09-04T06:16:12Z,12853228,Modern Challenge 32,challenge,modern,Autumn 2026,3158693,AzureMoon,8,2
2026-09-02,2026-09-04T06:16:12Z,12853228,Modern Challenge 32,challenge,modern,Autumn 2026,2137107,Arcbound_Papi,9,1
2026-09-02,2026-09-04T06:16:12Z,12853228,Modern Challenge 32,challenge,modern,Autumn 2026,2847760,Certified_Noob,10,1
2026-09-02,2026-09-04T06:16:12Z,12853228,Modern Challenge 32,challenge,modern,Autumn 2026,2707200,Kritik,11,1
2026-09-02,2026-09-04T06:16:12Z,12853228,Modern Challenge 32,challenge,modern,Autumn 2026,3056706,Xsper,12,1
2026-09-02,2026-09-04T06:16:12Z,12853228,Modern Challenge 32,challenge,modern,Autumn 2026,1773910,solaec0501,13,1
2026-09-02,2026-09-04T06:16:12Z,12853228,Modern Challenge 32,challenge,modern,Autumn 2026,880239,jussupinator,14,1
2026-09-02,2026-09-04T06:16:12Z,12853228,Modern Challenge 32,challenge,modern,Autumn 2026,3351004,pattiepattie,15,1
2026-09-02,2026-09-04T06:16:12Z,12853228,Modern Challenge 32,challenge,modern,Autumn 2026,2328252,TuralyonMap,16,1
2026-09-02,2026-09-04T06:16:12Z,12853228,Modern Challenge 32,challenge,modern,Autumn 2026,2858193,oinkmage22,17,0
2026-09-02,2026-09-04T06:16:12Z,12853228,Modern Challenge 32,challenge,modern,Autumn 2026,3106168,Reiam,18,0
2026-09-02,2026-09-04T06:16:12Z,12853228,Modern Challenge 32,challenge,modern,Autumn 2026,3285170,Scooby_Snacks,19,0
2026-09-02,2026-09-04T06:16:12Z,12853228,Modern Challenge 32,challenge,modern,Autumn 2026,2618334,anttoms21,20,0
2026-09-02,2026-09-04T06:16:12Z,12853228,Modern Challenge 32,challenge,modern,Autumn 2026,2973802,occulticplus,21,0
2026-09-02,2026-09-04T06:16:12Z,12853228,Modern Challenge 32,challenge,modern,Autumn 2026,2232658,xl_snapcaster,22,0
2026-09-02,2026-09-04T06:16:12Z,12853228,Modern Challenge 32,challenge,modern,Autumn 2026,3359144,TheColorOfBoom,23,0
2026-09-02,2026-09-04T06:16:12Z,12853228,Modern Challenge 32,challenge,modern,Autumn 2026,1811013,Joey_Wheeler,24,0
2026-09-02,2026-09-04T06:16:12Z,12853228,Modern Challenge 32,challenge,modern,Autumn 2026,2309846,bozo2112,25,0
2026-09-02,2026-09-04T06:16:12Z,12853228,Modern Challenge 32,challenge,modern,Autumn 2026,3037657,mtggamur420,26,0
2026-09-02,2026-09-04T06:16:12Z,12853228,Modern Challenge 32,challenge,modern,Autumn 2026,30930,Omegauo,27,0
2026-09-02,2026-09-04T06:16:12Z,12853228,Modern Challenge 32,challenge,modern,Autumn 2026,3034834,littesir095,28,0
2026-09-02,2026-09-04T06:16:12Z,12853228,Modern Challenge 32,challenge,modern,Autumn 2026,3023463,Bails76,29,0
2026-09-02,2026-09-04T06:16:12Z,12853228,Modern Challenge 32,challenge,modern,Autumn 2026,1353469,J4K3ST3R02,30,0
2026-09-02,2026-09-04T06:16:12Z,12853228,Modern Challenge 32,challenge,modern,Autumn 2026,3535587,Venom01,31,0
2026-09-02,2026-09-04T06:16:12Z,12853228,Modern Challenge 32,challenge,modern,Autumn 2026,1755885,NotCorazon,32,0
2026-09-02,2026-09-04T06:16:12Z,12853730,Modern Challenge 32,challenge,modern,Autumn 2026,3560747,ipadkid,1,5
2026-09-02,2026-09-04T06:16:12Z,12853730,Modern Challenge 32,challenge,modern,Autumn 2026,2199282,azax,2,4
2026-09-02,2026-09-04T06:16:12Z,12853730,Modern Challenge 32,challenge,modern,Autumn 2026,254536,rastaf,3,3
2026-09-02,2026-09-04T06:16:12Z,12853730,Modern Challenge 32,challenge,modern,Autumn 2026,736792,Misplacedginger,4,3
2026-09-02,2026-09-04T06:16:12Z,12853730,Modern Challenge 32,challenge,modern,Autumn 2026,2720911,Cachorrowo,5,2
2026-09-02,2026-09-04T06:16:12Z,12853730,Modern Challenge 32,challenge,modern,Autumn 2026,3056706,Xsper,6,2
2026-09-02,2026-09-04T06:16:12Z,12853730,Modern Challenge 32,challenge,modern,Autumn 2026,1557079,Mapletreefrog,7,2
2026-09-02,2026-09-04T06:16:12Z,12853730,Modern Challenge 32,challenge,modern,Autumn 2026,1412491,bruno_bto,8,2
2026-09-02,2026-09-04T06:16:12Z,12853730,Modern Challenge 32,challenge,modern,Autumn 2026,2968680,NathanOfTheGiltLeaf,9,1
2026-09-02,2026-09-04T06:16:12Z,12853730,Modern Challenge 32,challenge,modern,Autumn 2026,2292083,bless_von,10,1
2026-09-02,2026-09-04T06:16:12Z,12853730,Modern Challenge 32,challenge,modern,Autumn 2026,1210536,musasabi,11,1
2026-09-02,2026-09-04T06:16:12Z,12853730,Modern Challenge 32,challenge,modern,Autumn 2026,1156605,starfall,12,1
2026-09-02,2026-09-04T06:16:12Z,12853730,Modern Challenge 32,challenge,modern,Autumn 2026,535716,Capitano_CL,13,1
2026-09-02,2026-09-04T06:16:12Z,12853730,Modern Challenge 32,challenge,modern,Autumn 2026,1997060,mtwhet,14,1
2026-09-02,2026-09-04T06:16:12Z,12853730,Modern Challenge 32,challenge,modern,Autumn 2026,999039,Willthepill,15,1
2026-09-02,2026-09-04T06:16:12Z,12853730,Modern Challenge 32,challenge,modern,Autumn 2026,2261440,quinniac,16,1
2026-09-02,2026-09-04T06:16:12Z,12853730,Modern Challenge 32,challenge,modern,Autumn 2026,3085636,GigaChadSigmaMale,17,0
2026-09-02,2026-09-04T06:16:12Z,12853730,Modern Challenge 32,challenge,modern,Autumn 2026,2714224,eclipse4343,18,0
2026-09-02,2026-09-04T06:16:12Z,12853730,Modern Challenge 32,challenge,modern,Autumn 2026,181637,Boin,19,0
2026-09-02,2026-09-04T06:16:12Z,12853730,Modern Challenge 32,challenge,modern,Autumn 2026,2683189,Ale_Mtg,20,0
2026-09-02,2026-09-04T06:16:12Z,12853730,Modern Challenge 32,challenge,modern,Autumn 2026,2042214,Selfeisek,21,0
2026-09-02,2026-09-04T06:16:12Z,12853730,Modern Challenge 32,challenge,modern,Autumn 2026,1130054,MattTumavitch13,22,0
2026-09-02,2026-09-04T06:16:12Z,12853730,Modern Challenge 32,challenge,modern,Autumn 2026,2139100,Manny-,23,0
2026-09-02,2026-09-04T06:16:12Z,12853730,Modern Challenge 32,challenge,modern,Autumn 2026,3311205,golfsapao,24,0
2026-09-02,2026-09-04T06:16:12Z,12853730,Modern Challenge 32,challenge,modern,Autumn 2026,319589,FranBenitez91,25,0
2026-09-02,2026-09-04T06:16:12Z,12853730,Modern Challenge 32,challenge,modern,Autumn 2026,494936,levunga21,26,0
2026-09-02,2026-09-04T06:16:12Z,12853730,Modern Challenge 32,challenge,modern,Autumn 2026,2669359,HouseOfManaMTG,27,0
2026-09-02,2026-09-04T06:16:12Z,12853730,Modern Challenge 32,challenge,modern,Autumn 2026,2714690,SpecterTurtle,28,0
2026-09-02,2026-09-04T06:16:12Z,12853730,Modern Challenge 32,challenge,modern,Autumn 2026,2788809,Chichichi,29,0
2026-09-02,2026-09-04T06:16:12Z,12853730,Modern Challenge 32,challenge,modern,Autumn 2026,2926088,Univerce,30,0
2026-09-02,2026-09-04T06:16:12Z,12853730,Modern Challenge 32,challenge,modern,Autumn 2026,2464763,Savior0117,31,0
2026-09-02,2026-09-04T06:16:12Z,12853730,Modern Challenge 32,challenge,modern,Autumn 2026,750628,i_b_TRUE,32,0
2026-09-03,2026-09-05T06:16:07Z,12853667,Modern Challenge 64,challenge,modern,Autumn 2026,923582,Varo,1,5
2026-09-03,2026-09-05T06:16:07Z,12853667,Modern Challenge 64,challenge,modern,Autumn 2026,2454058,scipios,2,4
2026-09-03,2026-09-05T06:16:07Z,12853667,Modern Challenge 64,challenge,modern,Autumn 2026,1018764,OafMcNamara,3,3
2026-09-03,2026-09-05T06:16:07Z,12853667,Modern Challenge 64,challenge,modern,Autumn 2026,2788809,Chichichi,4,3
2026-09-03,2026-09-05T06:16:07Z,12853667,Modern Challenge 64,challenge,modern,Autumn 2026,2126126,KingCapivara,5,2
2026-09-03,2026-09-05T06:16:07Z,12853667,Modern Challenge 64,challenge,modern,Autumn 2026,3222070,Lightspirit,6,2
2026-09-03,2026-09-05T06:16:07Z,12853667,Modern Challenge 64,challenge,modern,Autumn 2026,2122697,kthanakit26,7,2
2026-09-03,2026-09-05T06:16:07Z,12853667,Modern Challenge 64,challenge,modern,Autumn 2026,1555238,cnoz,8,2
2026-09-03,2026-09-05T06:16:07Z,12853667,Modern Challenge 64,challenge,modern,Autumn 2026,3263693,MeninooNey,9,1
2026-09-03,2026-09-05T06:16:07Z,12853667,Modern Challenge 64,challenge,modern,Autumn 2026,254536,rastaf,10,1
2026-09-03,2026-09-05T06:16:07Z,12853667,Modern Challenge 64,challenge,modern,Autumn 2026,3076886,Thunus,11,1
2026-09-03,2026-09-05T06:16:07Z,12853667,Modern Challenge 64,challenge,modern,Autumn 2026,3412574,Habitante_do_Escuro,12,1
2026-09-03,2026-09-05T06:16:07Z,12853667,Modern Challenge 64,challenge,modern,Autumn 2026,676549,Alakai,13,1
2026-09-03,2026-09-05T06:16:07Z,12853667,Modern Challenge 64,challenge,modern,Autumn 2026,2045661,Nangurus,14,1
2026-09-03,2026-09-05T06:16:07Z,12853667,Modern Challenge 64,challenge,modern,Autumn 2026,2607787,TomBombadi1,15,1
2026-09-03,2026-09-05T06:16:07Z,12853667,Modern Challenge 64,challenge,modern,Autumn 2026,3158693,AzureMoon,16,1
2026-09-03,2026-09-05T06:16:07Z,12853667,Modern Challenge 64,challenge,modern,Autumn 2026,2749655,WadeB,17,0
2026-09-03,2026-09-05T06:16:07Z,12853667,Modern Challenge 64,challenge,modern,Autumn 2026,3178392,GzusReturned,18,0
2026-09-03,2026-09-05T06:16:07Z,12853667,Modern Challenge 64,challenge,modern,Autumn 2026,3183766,yeojlil,19,0
2026-09-03,2026-09-05T06:16:07Z,12853667,Modern Challenge 64,challenge,modern,Autumn 2026,2390663,haoqinglangou,20,0
2026-09-03,2026-09-05T06:16:07Z,12853667,Modern Challenge 64,challenge,modern,Autumn 2026,2908947,manohito,21,0
2026-09-03,2026-09-05T06:16:07Z,12853667,Modern Challenge 64,challenge,modern,Autumn 2026,2232658,xl_snapcaster,22,0
2026-09-03,2026-09-05T06:16:07Z,12853667,Modern Challenge 64,challenge,modern,Autumn 2026,1126161,alexeezayyy,23,0
2026-09-03,2026-09-05T06:16:07Z,12853667,Modern Challenge 64,challenge,modern,Autumn 2026,1739534,liuyuchen,24,0
2026-09-03,2026-09-05T06:16:07Z,12853667,Modern Challenge 64,challenge,modern,Autumn 2026,574591,Watchwolf92,25,0
2026-09-03,2026-09-05T06:16:07Z,12853667,Modern Challenge 64,challenge,modern,Autumn 2026,3224244,PoderosissimoNinja,26,0
2026-09-03,2026-09-05T06:16:07Z,12853667,Modern Challenge 64,challenge,modern,Autumn 2026,2498069,_Falcon_,27,0
2026-09-03,2026-09-05T06:16:07Z,12853667,Modern Challenge 64,challenge,modern,Autumn 2026,240494,Ares80,28,0
2026-09-03,2026-09-05T06:16:07Z,12853667,Modern Challenge 64,challenge,modern,Autumn 2026,3489335,Pallocchia314,29,0
2026-09-03,2026-09-05T06:16:07Z,12853667,Modern Challenge 64,challenge,modern,Autumn 2026,2129541,Mistakenn,30,0
2026-09-03,2026-09-05T06:16:07Z,12853667,Modern Challenge 64,challenge,modern,Autumn 2026,3154401,makaaaa,31,0
2026-09-03,2026-09-05T06:16:07Z,12853667,Modern Challenge 64,challenge,modern,Autumn 2026,3549549,tuckedaway,32,0
2026-09-04,2026-09-06T06:15:37Z,12853677,Modern Challenge 64,challenge,modern,Autumn 2026,574591,Watchwolf92,1,5
2026-09-04,2026-09-06T06:15:37Z,12853677,Modern Challenge 64,challenge,modern,Autumn 2026,1226387,D00mwake,2,4
2026-09-04,2026-09-06T06:15:37Z,12853677,Modern Challenge 64,challenge,modern,Autumn 2026,2232658,xl_snapcaster,3,3
2026-09-04,2026-09-06T06:15:37Z,12853677,Modern Challenge 64,challenge,modern,Autumn 2026,2272105,pepeteam,4,3
2026-09-04,2026-09-06T06:15:37Z,12853677,Modern Challenge 64,challenge,modern,Autumn 2026,2700947,Retrisma,5,2
2026-09-04,2026-09-06T06:15:37Z,12853677,Modern Challenge 64,challenge,modern,Autumn 2026,2680052,Uagli1,6,2
2026-09-04,2026-09-06T06:15:37Z,12853677,Modern Challenge 64,challenge,modern,Autumn 2026,3076886,Thunus,7,2
2026-09-04,2026-09-06T06:15:37Z,12853677,Modern Challenge 64,challenge,modern,Autumn 2026,254536,rastaf,8,2
2026-09-04,2026-09-06T06:15:37Z,12853677,Modern Challenge 64,challenge,modern,Autumn 2026,964394,LordEgg,9,1
2026-09-04,2026-09-06T06:15:37Z,12853677,Modern Challenge 64,challenge,modern,Autumn 2026,815932,unagieel,10,1
2026-09-04,2026-09-06T06:15:37Z,12853677,Modern Challenge 64,challenge,modern,Autumn 2026,2916622,Rosiedog88,11,1
2026-09-04,2026-09-06T06:15:37Z,12853677,Modern Challenge 64,challenge,modern,Autumn 2026,2720911,Cachorrowo,12,1
2026-09-04,2026-09-06T06:15:37Z,12853677,Modern Challenge 64,challenge,modern,Autumn 2026,3477626,Serosocram,13,1
2026-09-04,2026-09-06T06:15:37Z,12853677,Modern Challenge 64,challenge,modern,Autumn 2026,3272344,RitualGlitchZ,14,1
2026-09-04,2026-09-06T06:15:37Z,12853677,Modern Challenge 64,challenge,modern,Autumn 2026,1700365,Tetsubou,15,1
2026-09-04,2026-09-06T06:15:37Z,12853677,Modern Challenge 64,challenge,modern,Autumn 2026,2569009,TrueHero,16,1
2026-09-04,2026-09-06T06:15:37Z,12853677,Modern Challenge 64,challenge,modern,Autumn 2026,3488559,DeepDisherino,17,0
2026-09-04,2026-09-06T06:15:37Z,12853677,Modern Challenge 64,challenge,modern,Autumn 2026,1923667,RigelWeenie,18,0
2026-09-04,2026-09-06T06:15:37Z,12853677,Modern Challenge 64,challenge,modern,Autumn 2026,2903591,MeninoNey,19,0
2026-09-04,2026-09-06T06:15:37Z,12853677,Modern Challenge 64,challenge,modern,Autumn 2026,3412574,Habitante_do_Escuro,20,0
2026-09-04,2026-09-06T06:15:37Z,12853677,Modern Challenge 64,challenge,modern,Autumn 2026,3186428,RTR_,21,0
2026-09-04,2026-09-06T06:15:37Z,12853677,Modern Challenge 64,challenge,modern,Autumn 2026,2702142,Nuserdog,22,0
2026-09-04,2026-09-06T06:15:37Z,12853677,Modern Challenge 64,challenge,modern,Autumn 2026,3560747,ipadkid,23,0
2026-09-04,2026-09-06T06:15:37Z,12853677,Modern Challenge 64,challenge,modern,Autumn 2026,3143667,DayBreakMe,24,0
2026-09-04,2026-09-06T06:15:37Z,12853677,Modern Challenge 64,challenge,modern,Autumn 2026,1942357,nahuel10,25,0
2026-09-04,2026-09-06T06:15:37Z,12853677,Modern Challenge 64,challenge,modern,Autumn 2026,2261440,quinniac,26,0
2026-09-04,2026-09-06T06:15:37Z,12853677,Modern Challenge 64,challenge,modern,Autumn 2026,319589,FranBenitez91,27,0
2026-09-04,2026-09-06T06:15:37Z,12853677,Modern Challenge 64,challenge,modern,Autumn 2026,2923304,TuesdayTheThird,28,0
2026-09-04,2026-09-06T06:15:37Z,12853677,Modern Challenge 64,challenge,modern,Autumn 2026,2544700,MdvWin,29,0
2026-09-04,2026-09-06T06:15:37Z,12853677,Modern Challenge 64,challenge,modern,Autumn 2026,301933,Phryziel,30,0
2026-09-04,2026-09-06T06:15:37Z,12853677,Modern Challenge 64,challenge,modern,Autumn 2026,2309846,bozo2112,31,0
2026-09-04,2026-09-06T06:15:37Z,12853677,Modern Challenge 64,challenge,modern,Autumn 2026,726347,Mikebrav,32,0
2026-09-05,2026-09-07T06:16:18Z,12853688,Modern Challenge 64,challenge,modern,Autumn 2026,1997683,hugofreitas1,1,5
2026-09-05,2026-09-07T06:16:18Z,12853688,Modern Challenge 64,challenge,modern,Autumn 2026,1847500,Gobern,2,4
2026-09-05,2026-09-07T06:16:18Z,12853688,Modern Challenge 64,challenge,modern,Autumn 2026,2788809,Chichichi,3,3
2026-09-05,2026-09-07T06:16:18Z,12853688,Modern Challenge 64,challenge,modern,Autumn 2026,2733023,TheSandwichKing,4,3
2026-09-05,2026-09-07T06:16:18Z,12853688,Modern Challenge 64,challenge,modern,Autumn 2026,2139100,Manny-,5,2
2026-09-05,2026-09-07T06:16:18Z,12853688,Modern Challenge 64,challenge,modern,Autumn 2026,1112102,MayoDominaria,6,2
2026-09-05,2026-09-07T06:16:18Z,12853688,Modern Challenge 64,challenge,modern,Autumn 2026,2563273,almostomniscient,7,2
2026-09-05,2026-09-07T06:16:18Z,12853688,Modern Challenge 64,challenge,modern,Autumn 2026,3006274,MyrRetriever,8,2
2026-09-05,2026-09-07T06:16:18Z,12853688,Modern Challenge 64,challenge,modern,Autumn 2026,1755359,VioletStardust,9,1
2026-09-05,2026-09-07T06:16:18Z,12853688,Modern Challenge 64,challenge,modern,Autumn 2026,2636302,el-pollo-lolo,10,1
2026-09-05,2026-09-07T06:16:18Z,12853688,Modern Challenge 64,challenge,modern,Autumn 2026,750150,HippoxDragon,11,1
2026-09-05,2026-09-07T06:16:18Z,12853688,Modern Challenge 64,challenge,modern,Autumn 2026,2461626,TrainInsane,12,1
2026-09-05,2026-09-07T06:16:18Z,12853688,Modern Challenge 64,challenge,modern,Autumn 2026,2695862,JuanmaAT,13,1
2026-09-05,2026-09-07T06:16:18Z,12853688,Modern Challenge 64,challenge,modern,Autumn 2026,2192378,mtbWolf,14,1
2026-09-05,2026-09-07T06:16:18Z,12853688,Modern Challenge 64,challenge,modern,Autumn 2026,2689064,GinkoHS,15,1
2026-09-05,2026-09-07T06:16:18Z,12853688,Modern Challenge 64,challenge,modern,Autumn 2026,1785831,TerminalJustice,16,1
2026-09-05,2026-09-07T06:16:18Z,12853688,Modern Challenge 64,challenge,modern,Autumn 2026,923582,Varo,17,0
2026-09-05,2026-09-07T06:16:18Z,12853688,Modern Challenge 64,challenge,modern,Autumn 2026,3499892,yourbunnywr0te,18,0
2026-09-05,2026-09-07T06:16:18Z,12853688,Modern Challenge 64,challenge,modern,Autumn 2026,2272105,pepeteam,19,0
2026-09-05,2026-09-07T06:16:18Z,12853688,Modern Challenge 64,challenge,modern,Autumn 2026,3358375,acelerado440,20,0
2026-09-05,2026-09-07T06:16:18Z,12853688,Modern Challenge 64,challenge,modern,Autumn 2026,5694,bobthedog,21,0
2026-09-05,2026-09-07T06:16:18Z,12853688,Modern Challenge 64,challenge,modern,Autumn 2026,3473231,surgetemelo,22,0
2026-09-05,2026-09-07T06:16:18Z,12853688,Modern Challenge 64,challenge,modern,Autumn 2026,3272344,RitualGlitchZ,23,0
2026-09-05,2026-09-07T06:16:18Z,12853688,Modern Challenge 64,challenge,modern,Autumn 2026,2974756,DerpityDerpz,24,0
2026-09-05,2026-09-07T06:16:18Z,12853688,Modern Challenge 64,challenge,modern,Autumn 2026,1130054,MattTumavitch13,25,0
2026-09-05,2026-09-07T06:16:18Z,12853688,Modern Challenge 64,challenge,modern,Autumn 2026,1984508,kePs,26,0
2026-09-05,2026-09-07T06:16:18Z,12853688,Modern Challenge 64,challenge,modern,Autumn 2026,1940271,BressD1,27,0
2026-09-05,2026-09-07T06:16:18Z,12853688,Modern Challenge 64,challenge,modern,Autumn 2026,3324343,Frazzoilpazzo,28,0
2026-09-05,2026-09-07T06:16:18Z,12853688,Modern Challenge 64,challenge,modern,Autumn 2026,2237473,Polikasoll,29,0
2026-09-05,2026-09-07T06:16:18Z,12853688,Modern Challenge 64,challenge,modern,Autumn 2026,821319,Patxi,30,0
2026-09-05,2026-09-07T06:16:18Z,12853688,Modern Challenge 64,challenge,modern,Autumn 2026,2569009,TrueHero,31,0
2026-09-05,2026-09-07T06:16:18Z,12853688,Modern Challenge 64,challenge,modern,Autumn 2026,962368,Suechtler,32,0
2026-09-05,2026-09-07T06:16:18Z,12853780,Modern Challenge 16,challenge,modern,Autumn 2026,933670,ryuumei,1,5
2026-09-05,2026-09-07T06:16:18Z,12853780,Modern Challenge 16,challenge,modern,Autumn 2026,2788118,RespectTheCat,2,4
2026-09-05,2026-09-07T06:16:18Z,12853780,Modern Challenge 16,challenge,modern,Autumn 2026,639998,imthekiing,3,3
2026-09-05,2026-09-07T06:16:18Z,12853780,Modern Challenge 16,challenge,modern,Autumn 2026,2688845,DelverOfBolts,4,3
2026-09-05,2026-09-07T06:16:18Z,12853780,Modern Challenge 16,challenge,modern,Autumn 2026,1181017,JPA93,5,2
2026-09-05,2026-09-07T06:16:18Z,12853780,Modern Challenge 16,challenge,modern,Autumn 2026,1942357,nahuel10,6,2
2026-09-05,2026-09-07T06:16:18Z,12853780,Modern Challenge 16,challenge,modern,Autumn 2026,2092644,Foxantes,7,2
2026-09-05,2026-09-07T06:16:18Z,12853780,Modern Challenge 16,challenge,modern,Autumn 2026,2309846,bozo2112,8,2
2026-09-05,2026-09-07T06:16:18Z,12853780,Modern Challenge 16,challenge,modern,Autumn 2026,2198387,svessesvv,9,1
2026-09-05,2026-09-07T06:16:18Z,12853780,Modern Challenge 16,challenge,modern,Autumn 2026,2315424,TheRightStuff,10,1
2026-09-05,2026-09-07T06:16:18Z,12853780,Modern Challenge 16,challenge,modern,Autumn 2026,1984508,kePs,11,1
2026-09-05,2026-09-07T06:16:18Z,12853780,Modern Challenge 16,challenge,modern,Autumn 2026,2776772,narca,12,1
2026-09-05,2026-09-07T06:16:18Z,12853780,Modern Challenge 16,challenge,modern,Autumn 2026,3158693,AzureMoon,13,1
2026-09-05,2026-09-07T06:16:18Z,12853780,Modern Challenge 16,challenge,modern,Autumn 2026,1439480,touto_Isle,14,1
2026-09-05,2026-09-07T06:16:18Z,12853780,Modern Challenge 16,challenge,modern,Autumn 2026,3405528,kattsu,15,1
2026-09-05,2026-09-07T06:16:18Z,12853780,Modern Challenge 16,challenge,modern,Autumn 2026,962368,Suechtler,16,1
2026-09-05,2026-09-07T06:16:18Z,12853780,Modern Challenge 16,challenge,modern,Autumn 2026,2747375,DemianDesposito10,17,0
2026-09-05,2026-09-07T06:16:18Z,12853780,Modern Challenge 16,challenge,modern,Autumn 2026,3190603,Preparation,18,0
2026-09-05,2026-09-07T06:16:18Z,12853780,Modern Challenge 16,challenge,modern,Autumn 2026,856754,swff,19,0
2026-09-05,2026-09-07T06:16:18Z,12853780,Modern Challenge 16,challenge,modern,Autumn 2026,2397200,UomoComune26490,20,0
2026-09-05,2026-09-07T06:16:18Z,12853780,Modern Challenge 16,challenge,modern,Autumn 2026,2045296,JV_7777,21,0
2026-09-05,2026-09-07T06:16:18Z,12853780,Modern Challenge 16,challenge,modern,Autumn 2026,3052495,ClaymoreTobi,22,0
2026-09-05,2026-09-07T06:16:18Z,12853780,Modern Challenge 16,challenge,modern,Autumn 2026,1564356,GiestOfIWin,23,0
2026-09-05,2026-09-07T06:16:18Z,12853780,Modern Challenge 16,challenge,modern,Autumn 2026,2911978,Pompuskaya,24,0
2026-09-05,2026-09-07T06:16:18Z,12853780,Modern Challenge 16,challenge,modern,Autumn 2026,2669359,HouseOfManaMTG,25,0
2026-09-05,2026-09-07T06:16:18Z,12853780,Modern Challenge 16,challenge,modern,Autumn 2026,3562443,KaosNiller,26,0
2026-09-05,2026-09-07T06:16:18Z,12853780,Modern Challenge 16,challenge,modern,Autumn 2026,789613,Barneygumbal,27,0
2026-09-05,2026-09-07T06:16:18Z,12853780,Modern Challenge 16,challenge,modern,Autumn 2026,2045661,Nangurus,28,0
2026-09-05,2026-09-07T06:16:18Z,12853780,Modern Challenge 16,challenge,modern,Autumn 2026,2970070,Argtigg,29,0
2026-09-05,2026-09-07T06:16:18Z,12853780,Modern Challenge 16,challenge,modern,Autumn 2026,2127900,soggymeatball,30,0
2026-09-05,2026-09-07T06:16:18Z,12853780,Modern Challenge 16,challenge,modern,Autumn 2026,2707045,E_Kaminuma,31,0
2026-09-05,2026-09-07T06:16:18Z,12853780,Modern Challenge 16,challenge,modern,Autumn 2026,280670,FakeShaver,32,0
2026-09-05,2026-09-07T06:16:18Z,12853849,Modern Challenge 32,challenge,modern,Autumn 2026,3106168,Reiam,1,5
2026-09-05,2026-09-07T06:16:18Z,12853849,Modern Challenge 32,challenge,modern,Autumn 2026,1964351,keyaki,2,4
2026-09-05,2026-09-07T06:16:18Z,12853849,Modern Challenge 32,challenge,modern,Autumn 2026,2707200,Kritik,3,3
2026-09-05,2026-09-07T06:16:18Z,12853849,Modern Challenge 32,challenge,modern,Autumn 2026,1636994,gazmon48,4,3
2026-09-05,2026-09-07T06:16:18Z,12853849,Modern Challenge 32,challenge,modern,Autumn 2026,3391075,Proxymoron,5,2
2026-09-05,2026-09-07T06:16:18Z,12853849,Modern Challenge 32,challenge,modern,Autumn 2026,3087786,toothymtg,6,2
2026-09-05,2026-09-07T06:16:18Z,12853849,Modern Challenge 32,challenge,modern,Autumn 2026,2908947,manohito,7,2
2026-09-05,2026-09-07T06:16:18Z,12853849,Modern Challenge 32,challenge,modern,Autumn 2026,2720911,Cachorrowo,8,2
2026-09-05,2026-09-07T06:16:18Z,12853849,Modern Challenge 32,challenge,modern,Autumn 2026,3143623,Fransadness,9,1
2026-09-05,2026-09-07T06:16:18Z,12853849,Modern Challenge 32,challenge,modern,Autumn 2026,2139100,Manny-,10,1
2026-09-05,2026-09-07T06:16:18Z,12853849,Modern Challenge 32,challenge,modern,Autumn 2026,1942357,nahuel10,11,1
2026-09-05,2026-09-07T06:16:18Z,12853849,Modern Challenge 32,challenge,modern,Autumn 2026,1210536,musasabi,12,1
2026-09-05,2026-09-07T06:16:18Z,12853849,Modern Challenge 32,challenge,modern,Autumn 2026,1937688,katuo079595,13,1
2026-09-05,2026-09-07T06:16:18Z,12853849,Modern Challenge 32,challenge,modern,Autumn 2026,2943684,LukeBrandes,14,1
2026-09-05,2026-09-07T06:16:18Z,12853849,Modern Challenge 32,challenge,modern,Autumn 2026,2909055,bayjen_,15,1
2026-09-05,2026-09-07T06:16:18Z,12853849,Modern Challenge 32,challenge,modern,Autumn 2026,3447454,lilcreacher,16,1
2026-09-05,2026-09-07T06:16:18Z,12853849,Modern Challenge 32,challenge,modern,Autumn 2026,3010702,MrGomez,17,0
2026-09-05,2026-09-07T06:16:18Z,12853849,Modern Challenge 32,challenge,modern,Autumn 2026,2911978,Pompuskaya,18,0
2026-09-05,2026-09-07T06:16:18Z,12853849,Modern Challenge 32,challenge,modern,Autumn 2026,3078766,2360299909,19,0
2026-09-05,2026-09-07T06:16:18Z,12853849,Modern Challenge 32,challenge,modern,Autumn 2026,2232658,xl_snapcaster,20,0
2026-09-05,2026-09-07T06:16:18Z,12853849,Modern Challenge 32,challenge,modern,Autumn 2026,3006274,MyrRetriever,21,0
2026-09-05,2026-09-07T06:16:18Z,12853849,Modern Challenge 32,challenge,modern,Autumn 2026,2306501,Bryzem1,22,0
2026-09-05,2026-09-07T06:16:18Z,12853849,Modern Challenge 32,challenge,modern,Autumn 2026,2847760,Certified_Noob,23,0
2026-09-05,2026-09-07T06:16:18Z,12853849,Modern Challenge 32,challenge,modern,Autumn 2026,828185,Slatorade,24,0
2026-09-05,2026-09-07T06:16:18Z,12853849,Modern Challenge 32,challenge,modern,Autumn 2026,2042214,Selfeisek,25,0
2026-09-05,2026-09-07T06:16:18Z,12853849,Modern Challenge 32,challenge,modern,Autumn 2026,2045296,JV_7777,26,0
2026-09-05,2026-09-07T06:16:18Z,12853849,Modern Challenge 32,challenge,modern,Autumn 2026,2873887,AldenCates,27,0
2026-09-05,2026-09-07T06:16:18Z,12853849,Modern Challenge 32,challenge,modern,Autumn 2026,2261440,quinniac,28,0
2026-09-05,2026-09-07T06:16:18Z,12853849,Modern Challenge 32,challenge,modern,Autumn 2026,750888,LucasG1ggs,29,0
2026-09-05,2026-09-07T06:16:18Z,12853849,Modern Challenge 32,challenge,modern,Autumn 2026,2930884,Killah_SUV,30,0
2026-09-05,2026-09-07T06:16:18Z,12853849,Modern Challenge 32,challenge,modern,Autumn 2026,1402171,Piglet,31,0
2026-09-05,2026-09-07T06:16:18Z,12853849,Modern Challenge 32,challenge,modern,Autumn 2026,3555118,WhiteNinja,32,0
2026-09-06,2026-09-08T06:15:40Z,12853693,Modern Challenge 64,challenge,modern,Autumn 2026,2916207,FacadeJK,1,5
2026-09-06,2026-09-08T06:15:40Z,12853693,Modern Challenge 64,challenge,modern,Autumn 2026,3087786,toothymtg,2,4
2026-09-06,2026-09-08T06:15:40Z,12853693,Modern Challenge 64,challenge,modern,Autumn 2026,1872783,henry_morehouse,3,3
2026-09-06,2026-09-08T06:15:40Z,12853693,Modern Challenge 64,challenge,modern,Autumn 2026,3567825,aidiot,4,3
2026-09-06,2026-09-08T06:15:40Z,12853693,Modern Challenge 64,challenge,modern,Autumn 2026,2747375,DemianDesposito10,5,2
2026-09-06,2026-09-08T06:15:40Z,12853693,Modern Challenge 64,challenge,modern,Autumn 2026,1296445,ionez,6,2
2026-09-06,2026-09-08T06:15:40Z,12853693,Modern Challenge 64,challenge,modern,Autumn 2026,931591,TheAdonis,7,2
2026-09-06,2026-09-08T06:15:40Z,12853693,Modern Challenge 64,challenge,modern,Autumn 2026,2776772,narca,8,2
2026-09-06,2026-09-08T06:15:40Z,12853693,Modern Challenge 64,challenge,modern,Autumn 2026,3542423,PrismaticPrism,9,1
2026-09-06,2026-09-08T06:15:40Z,12853693,Modern Challenge 64,challenge,modern,Autumn 2026,30930,Omegauo,10,1
2026-09-06,2026-09-08T06:15:40Z,12853693,Modern Challenge 64,challenge,modern,Autumn 2026,2686516,SGMY95,11,1
2026-09-06,2026-09-08T06:15:40Z,12853693,Modern Challenge 64,challenge,modern,Autumn 2026,3311758,Kollslaw,12,1
2026-09-06,2026-09-08T06:15:40Z,12853693,Modern Challenge 64,challenge,modern,Autumn 2026,2737954,MattettaM,13,1
2026-09-06,2026-09-08T06:15:40Z,12853693,Modern Challenge 64,challenge,modern,Autumn 2026,2707045,E_Kaminuma,14,1
2026-09-06,2026-09-08T06:15:40Z,12853693,Modern Challenge 64,challenge,modern,Autumn 2026,2909055,bayjen_,15,1
2026-09-06,2026-09-08T06:15:40Z,12853693,Modern Challenge 64,challenge,modern,Autumn 2026,2042214,Selfeisek,16,1
2026-09-06,2026-09-08T06:15:40Z,12853693,Modern Challenge 64,challenge,modern,Autumn 2026,542229,Vonducky,17,0
2026-09-06,2026-09-08T06:15:40Z,12853693,Modern Challenge 64,challenge,modern,Autumn 2026,2147397,nv_goblin,18,0
2026-09-06,2026-09-08T06:15:40Z,12853693,Modern Challenge 64,challenge,modern,Autumn 2026,3128402,BulletBombFTW,19,0
2026-09-06,2026-09-08T06:15:40Z,12853693,Modern Challenge 64,challenge,modern,Autumn 2026,2891700,Ashigaruu,20,0
2026-09-06,2026-09-08T06:15:40Z,12853693,Modern Challenge 64,challenge,modern,Autumn 2026,2943684,LukeBrandes,21,0
2026-09-06,2026-09-08T06:15:40Z,12853693,Modern Challenge 64,challenge,modern,Autumn 2026,2322146,felider,22,0
2026-09-06,2026-09-08T06:15:40Z,12853693,Modern Challenge 64,challenge,modern,Autumn 2026,1700365,Tetsubou,23,0
2026-09-06,2026-09-08T06:15:40Z,12853693,Modern Challenge 64,challenge,modern,Autumn 2026,1758332,marito9911,24,0
2026-09-06,2026-09-08T06:15:40Z,12853693,Modern Challenge 64,challenge,modern,Autumn 2026,1071904,tibalt_of_red_sub,25,0
2026-09-06,2026-09-08T06:15:40Z,12853693,Modern Challenge 64,challenge,modern,Autumn 2026,2908947,manohito,26,0
2026-09-06,2026-09-08T06:15:40Z,12853693,Modern Challenge 64,challenge,modern,Autumn 2026,3469379,Dasikk,27,0
2026-09-06,2026-09-08T06:15:40Z,12853693,Modern Challenge 64,challenge,modern,Autumn 2026,2134926,nikroulah,28,0
2026-09-06,2026-09-08T06:15:40Z,12853693,Modern Challenge 64,challenge,modern,Autumn 2026,2707200,Kritik,29,0
2026-09-06,2026-09-08T06:15:40Z,12853693,Modern Challenge 64,challenge,modern,Autumn 2026,3558262,I_Cant_Read,30,0
2026-09-06,2026-09-08T06:15:40Z,12853693,Modern Challenge 64,challenge,modern,Autumn 2026,1763618,chinotron23,31,0
2026-09-06,2026-09-08T06:15:40Z,12853693,Modern Challenge 64,challenge,modern,Autumn 2026,2887338,arturcosta,32,0
2026-09-06,2026-09-08T06:15:40Z,12853698,Modern Challenge 64,challenge,modern,Autumn 2026,2563273,almostomniscient,1,5
2026-09-06,2026-09-08T06:15:40Z,12853698,Modern Challenge 64,challenge,modern,Autumn 2026,1758149,yama33,2,4
2026-09-06,2026-09-08T06:15:40Z,12853698,Modern Challenge 64,challenge,modern,Autumn 2026,1074736,Aldreen,3,3
2026-09-06,2026-09-08T06:15:40Z,12853698,Modern Challenge 64,challenge,modern,Autumn 2026,815932,unagieel,4,3
2026-09-06,2026-09-08T06:15:40Z,12853698,Modern Challenge 64,challenge,modern,Autumn 2026,3358375,acelerado440,5,2
2026-09-06,2026-09-08T06:15:40Z,12853698,Modern Challenge 64,challenge,modern,Autumn 2026,2918398,yulinl,6,2
2026-09-06,2026-09-08T06:15:40Z,12853698,Modern Challenge 64,challenge,modern,Autumn 2026,1041920,RCMerriam,7,2
2026-09-06,2026-09-08T06:15:40Z,12853698,Modern Challenge 64,challenge,modern,Autumn 2026,2114447,Zoob5555,8,2
2026-09-06,2026-09-08T06:15:40Z,12853698,Modern Challenge 64,challenge,modern,Autumn 2026,1205480,CavalloGoloso,9,1
2026-09-06,2026-09-08T06:15:40Z,12853698,Modern Challenge 64,challenge,modern,Autumn 2026,840020,WanderingOnes,10,1
2026-09-06,2026-09-08T06:15:40Z,12853698,Modern Challenge 64,challenge,modern,Autumn 2026,3505107,papajohns,11,1
2026-09-06,2026-09-08T06:15:40Z,12853698,Modern Challenge 64,challenge,modern,Autumn 2026,2137107,Arcbound_Papi,12,1
2026-09-06,2026-09-08T06:15:40Z,12853698,Modern Challenge 64,challenge,modern,Autumn 2026,3531021,Akosmismus,13,1
2026-09-06,2026-09-08T06:15:40Z,12853698,Modern Challenge 64,challenge,modern,Autumn 2026,2695862,JuanmaAT,14,1
2026-09-06,2026-09-08T06:15:40Z,12853698,Modern Challenge 64,challenge,modern,Autumn 2026,2708393,Latorretta,15,1
2026-09-06,2026-09-08T06:15:40Z,12853698,Modern Challenge 64,challenge,modern,Autumn 2026,3298193,bubblywubblytubbler,16,1
2026-09-06,2026-09-08T06:15:40Z,12853698,Modern Challenge 64,challenge,modern,Autumn 2026,2618334,anttoms21,17,0
2026-09-06,2026-09-08T06:15:40Z,12853698,Modern Challenge 64,challenge,modern,Autumn 2026,1742159,peter780108,18,0
2026-09-06,2026-09-08T06:15:40Z,12853698,Modern Challenge 64,challenge,modern,Autumn 2026,2860189,TheLengend90,19,0
2026-09-06,2026-09-08T06:15:40Z,12853698,Modern Challenge 64,challenge,modern,Autumn 2026,3261722,alessandro81,20,0
2026-09-06,2026-09-08T06:15:40Z,12853698,Modern Challenge 64,challenge,modern,Autumn 2026,1940271,BressD1,21,0
2026-09-06,2026-09-08T06:15:40Z,12853698,Modern Challenge 64,challenge,modern,Autumn 2026,2192378,mtbWolf,22,0
2026-09-06,2026-09-08T06:15:40Z,12853698,Modern Challenge 64,challenge,modern,Autumn 2026,3006274,MyrRetriever,23,0
2026-09-06,2026-09-08T06:15:40Z,12853698,Modern Challenge 64,challenge,modern,Autumn 2026,1126161,alexeezayyy,24,0
2026-09-06,2026-09-08T06:15:40Z,12853698,Modern Challenge 64,challenge,modern,Autumn 2026,3253411,Ezra95,25,0
2026-09-06,2026-09-08T06:15:40Z,12853698,Modern Challenge 64,challenge,modern,Autumn 2026,2258623,Kroma_,26,0
2026-09-06,2026-09-08T06:15:40Z,12853698,Modern Challenge 64,challenge,modern,Autumn 2026,3222070,Lightspirit,27,0
2026-09-06,2026-09-08T06:15:40Z,12853698,Modern Challenge 64,challenge,modern,Autumn 2026,3412574,Habitante_do_Escuro,28,0
2026-09-06,2026-09-08T06:15:40Z,12853698,Modern Challenge 64,challenge,modern,Autumn 2026,3544040,GWT,29,0
2026-09-06,2026-09-08T06:15:40Z,12853698,Modern Challenge 64,challenge,modern,Autumn 2026,453404,_Batutinha_,30,0
2026-09-06,2026-09-08T06:15:40Z,12853698,Modern Challenge 64,challenge,modern,Autumn 2026,2457575,HealthyEgo,31,0
2026-09-06,2026-09-08T06:15:40Z,12853698,Modern Challenge 64,challenge,modern,Autumn 2026,3540949,pedronavaja,32,0
2026-09-07,2026-09-09T06:15:49Z,12853706,Modern Challenge 64,challenge,modern,Autumn 2026,864036,renatoaraujo,1,5
2026-09-07,2026-09-09T06:15:49Z,12853706,Modern Challenge 64,challenge,modern,Autumn 2026,2229031,mlex,2,4
2026-09-07,2026-09-09T06:15:49Z,12853706,Modern Challenge 64,challenge,modern,Autumn 2026,254536,rastaf,3,3
2026-09-07,2026-09-09T06:15:49Z,12853706,Modern Challenge 64,challenge,modern,Autumn 2026,3087786,toothymtg,4,3
2026-09-07,2026-09-09T06:15:49Z,12853706,Modern Challenge 64,challenge,modern,Autumn 2026,1727039,duanceyao,5,2
2026-09-07,2026-09-09T06:15:49Z,12853706,Modern Challenge 64,challenge,modern,Autumn 2026,2861509,Peytis,6,2
2026-09-07,2026-09-09T06:15:49Z,12853706,Modern Challenge 64,challenge,modern,Autumn 2026,3311758,Kollslaw,7,2
2026-09-07,2026-09-09T06:15:49Z,12853706,Modern Challenge 64,challenge,modern,Autumn 2026,2999477,Bok_Choy_,8,2
2026-09-07,2026-09-09T06:15:49Z,12853706,Modern Challenge 64,challenge,modern,Autumn 2026,3109223,zbogames,9,1
2026-09-07,2026-09-09T06:15:49Z,12853706,Modern Challenge 64,challenge,modern,Autumn 2026,1636994,gazmon48,10,1
2026-09-07,2026-09-09T06:15:49Z,12853706,Modern Challenge 64,challenge,modern,Autumn 2026,2252690,Roxas_13,11,1
2026-09-07,2026-09-09T06:15:49Z,12853706,Modern Challenge 64,challenge,modern,Autumn 2026,2891700,Ashigaruu,12,1
2026-09-07,2026-09-09T06:15:49Z,12853706,Modern Challenge 64,challenge,modern,Autumn 2026,42325,SaradinDR,13,1
2026-09-07,2026-09-09T06:15:49Z,12853706,Modern Challenge 64,challenge,modern,Autumn 2026,2139100,Manny-,14,1
2026-09-07,2026-09-09T06:15:49Z,12853706,Modern Challenge 64,challenge,modern,Autumn 2026,2658587,EthanBird,15,1
2026-09-07,2026-09-09T06:15:49Z,12853706,Modern Challenge 64,challenge,modern,Autumn 2026,3560747,ipadkid,16,1
2026-09-07,2026-09-09T06:15:49Z,12853706,Modern Challenge 64,challenge,modern,Autumn 2026,1952341,ejk,17,0
2026-09-07,2026-09-09T06:15:49Z,12853706,Modern Challenge 64,challenge,modern,Autumn 2026,3222070,Lightspirit,18,0
2026-09-07,2026-09-09T06:15:49Z,12853706,Modern Challenge 64,challenge,modern,Autumn 2026,2137107,Arcbound_Papi,19,0
2026-09-07,2026-09-09T06:15:49Z,12853706,Modern Challenge 64,challenge,modern,Autumn 2026,274550,gpowerone,20,0
2026-09-07,2026-09-09T06:15:49Z,12853706,Modern Challenge 64,challenge,modern,Autumn 2026,2261440,quinniac,21,0
2026-09-07,2026-09-09T06:15:49Z,12853706,Modern Challenge 64,challenge,modern,Autumn 2026,2856109,jakobpablo,22,0
2026-09-07,2026-09-09T06:15:49Z,12853706,Modern Challenge 64,challenge,modern,Autumn 2026,2486183,DreamsOfAshiok,23,0
2026-09-07,2026-09-09T06:15:49Z,12853706,Modern Challenge 64,challenge,modern,Autumn 2026,2755692,WhensMarvel,24,0
2026-09-07,2026-09-09T06:15:49Z,12853706,Modern Challenge 64,challenge,modern,Autumn 2026,1402171,Piglet,25,0
2026-09-07,2026-09-09T06:15:49Z,12853706,Modern Challenge 64,challenge,modern,Autumn 2026,2877405,Darkchrome6538,26,0
2026-09-07,2026-09-09T06:15:49Z,12853706,Modern Challenge 64,challenge,modern,Autumn 2026,3505107,papajohns,27,0
2026-09-07,2026-09-09T06:15:49Z,12853706,Modern Challenge 64,challenge,modern,Autumn 2026,2301700,qmcgarry45,28,0
2026-09-07,2026-09-09T06:15:49Z,12853706,Modern Challenge 64,challenge,modern,Autumn 2026,3377456,KangXiaotian,29,0
2026-09-07,2026-09-09T06:15:49Z,12853706,Modern Challenge 64,challenge,modern,Autumn 2026,1980653,btail08,30,0
2026-09-07,2026-09-09T06:15:49Z,12853706,Modern Challenge 64,challenge,modern,Autumn 2026,2720911,Cachorrowo,31,0
2026-09-07,2026-09-09T06:15:49Z,12853706,Modern Challenge 64,challenge,modern,Autumn 2026,3042804,NJ5030,32,0
2026-09-07,2026-09-09T06:15:49Z,12853708,Modern Challenge 96,challenge,modern,Autumn 2026,3169940,powered_by_VANYA,1,5
2026-09-07,2026-09-09T06:15:49Z,12853708,Modern Challenge 96,challenge,modern,Autumn 2026,2788118,RespectTheCat,2,4
2026-09-07,2026-09-09T06:15:49Z,12853708,Modern Challenge 96,challenge,modern,Autumn 2026,1847500,Gobern,3,3
2026-09-07,2026-09-09T06:15:49Z,12853708,Modern Challenge 96,challenge,modern,Autumn 2026,3227644,mommydom_manifesto,4,3
2026-09-07,2026-09-09T06:15:49Z,12853708,Modern Challenge 96,challenge,modern,Autumn 2026,2388082,SomethinStupid,5,2
2026-09-07,2026-09-09T06:15:49Z,12853708,Modern Challenge 96,challenge,modern,Autumn 2026,2129541,Mistakenn,6,2
2026-09-07,2026-09-09T06:15:49Z,12853708,Modern Challenge 96,challenge,modern,Autumn 2026,3222070,Lightspirit,7,2
2026-09-07,2026-09-09T06:15:49Z,12853708,Modern Challenge 96,challenge,modern,Autumn 2026,2940494,Dydyk95,8,2
2026-09-07,2026-09-09T06:15:49Z,12853708,Modern Challenge 96,challenge,modern,Autumn 2026,1727039,duanceyao,9,1
2026-09-07,2026-09-09T06:15:49Z,12853708,Modern Challenge 96,challenge,modern,Autumn 2026,676549,Alakai,10,1
2026-09-07,2026-09-09T06:15:49Z,12853708,Modern Challenge 96,challenge,modern,Autumn 2026,2079116,Razdan08,11,1
2026-09-07,2026-09-09T06:15:49Z,12853708,Modern Challenge 96,challenge,modern,Autumn 2026,3363119,Redman1034,12,1
2026-09-07,2026-09-09T06:15:49Z,12853708,Modern Challenge 96,challenge,modern,Autumn 2026,3536967,GMFischer,13,1
2026-09-07,2026-09-09T06:15:49Z,12853708,Modern Challenge 96,challenge,modern,Autumn 2026,2714690,SpecterTurtle,14,1
2026-09-07,2026-09-09T06:15:49Z,12853708,Modern Challenge 96,challenge,modern,Autumn 2026,2908947,manohito,15,1
2026-09-07,2026-09-09T06:15:49Z,12853708,Modern Challenge 96,challenge,modern,Autumn 2026,3048550,pizzangry,16,1
2026-09-07,2026-09-09T06:15:49Z,12853708,Modern Challenge 96,challenge,modern,Autumn 2026,2831449,Navigator_2505,17,0
2026-09-07,2026-09-09T06:15:49Z,12853708,Modern Challenge 96,challenge,modern,Autumn 2026,2712707,Iaashadow,18,0
2026-09-07,2026-09-09T06:15:49Z,12853708,Modern Challenge 96,challenge,modern,Autumn 2026,1950164,Dioferreira,19,0
2026-09-07,2026-09-09T06:15:49Z,12853708,Modern Challenge 96,challenge,modern,Autumn 2026,2001916,Darthkid,20,0
2026-09-07,2026-09-09T06:15:49Z,12853708,Modern Challenge 96,challenge,modern,Autumn 2026,1213308,MLGSKELETONS,21,0
2026-09-07,2026-09-09T06:15:49Z,12853708,Modern Challenge 96,challenge,modern,Autumn 2026,2001341,_theMoonSage_,22,0
2026-09-07,2026-09-09T06:15:49Z,12853708,Modern Challenge 96,challenge,modern,Autumn 2026,1126161,alexeezayyy,23,0
2026-09-07,2026-09-09T06:15:49Z,12853708,Modern Challenge 96,challenge,modern,Autumn 2026,2707200,Kritik,24,0
2026-09-07,2026-09-09T06:15:49Z,12853708,Modern Challenge 96,challenge,modern,Autumn 2026,2085661,Ryan_39,25,0
2026-09-07,2026-09-09T06:15:49Z,12853708,Modern Challenge 96,challenge,modern,Autumn 2026,3469379,Dasikk,26,0
2026-09-07,2026-09-09T06:15:49Z,12853708,Modern Challenge 96,challenge,modern,Autumn 2026,2130633,ShadowTitan1,27,0
2026-09-07,2026-09-09T06:15:49Z,12853708,Modern Challenge 96,challenge,modern,Autumn 2026,3076886,Thunus,28,0
2026-09-07,2026-09-09T06:15:49Z,12853708,Modern Challenge 96,challenge,modern,Autumn 2026,3106246,fazparte,29,0
2026-09-07,2026-09-09T06:15:49Z,12853708,Modern Challenge 96,challenge,modern,Autumn 2026,1111702,oskiyaa,30,0
2026-09-07,2026-09-09T06:15:49Z,12853708,Modern Challenge 96,challenge,modern,Autumn 2026,1715380,CNewman,31,0
2026-09-07,2026-09-09T06:15:49Z,12853708,Modern Challenge 96,challenge,modern,Autumn 2026,1017550,O_danielakos,32,0
2026-09-08,2026-09-14T08:02:27Z,12853715,Modern Challenge 32,challenge,modern,Autumn 2026,2042214,Selfeisek,1,5
2026-09-08,2026-09-14T08:02:27Z,12853715,Modern Challenge 32,challenge,modern,Autumn 2026,2702720,Chub_Toad_,2,4
2026-09-08,2026-09-14T08:02:27Z,12853715,Modern Challenge 32,challenge,modern,Autumn 2026,3359144,TheColorOfBoom,3,3
2026-09-08,2026-09-14T08:02:27Z,12853715,Modern Challenge 32,challenge,modern,Autumn 2026,2261440,quinniac,4,3
2026-09-08,2026-09-14T08:02:27Z,12853715,Modern Challenge 32,challenge,modern,Autumn 2026,2464763,Savior0117,5,2
2026-09-08,2026-09-14T08:02:27Z,12853715,Modern Challenge 32,challenge,modern,Autumn 2026,2658587,EthanBird,6,2
2026-09-08,2026-09-14T08:02:27Z,12853715,Modern Challenge 32,challenge,modern,Autumn 2026,3247117,KillerWhale01,7,2
2026-09-08,2026-09-14T08:02:27Z,12853715,Modern Challenge 32,challenge,modern,Autumn 2026,2669359,HouseOfManaMTG,8,2
2026-09-08,2026-09-14T08:02:27Z,12853715,Modern Challenge 32,challenge,modern,Autumn 2026,1618758,selesneal,9,1
2026-09-08,2026-09-14T08:02:27Z,12853715,Modern Challenge 32,challenge,modern,Autumn 2026,3542423,PrismaticPrism,10,1
2026-09-08,2026-09-14T08:02:27Z,12853715,Modern Challenge 32,challenge,modern,Autumn 2026,3034834,littesir095,11,1
2026-09-08,2026-09-14T08:02:27Z,12853715,Modern Challenge 32,challenge,modern,Autumn 2026,415299,DragonFodder,12,1
2026-09-08,2026-09-14T08:02:27Z,12853715,Modern Challenge 32,challenge,modern,Autumn 2026,1402171,Piglet,13,1
2026-09-08,2026-09-14T08:02:27Z,12853715,Modern Challenge 32,challenge,modern,Autumn 2026,2679433,olbeda,14,1
2026-09-08,2026-09-14T08:02:27Z,12853715,Modern Challenge 32,challenge,modern,Autumn 2026,2449332,xfile,15,1
2026-09-08,2026-09-14T08:02:27Z,12853715,Modern Challenge 32,challenge,modern,Autumn 2026,1540808,_Stream,16,1
2026-09-08,2026-09-14T08:02:27Z,12853715,Modern Challenge 32,challenge,modern,Autumn 2026,875470,Tree42o,17,0
2026-09-08,2026-09-14T08:02:27Z,12853715,Modern Challenge 32,challenge,modern,Autumn 2026,1944075,sidisi,18,0
2026-09-08,2026-09-14T08:02:27Z,12853715,Modern Challenge 32,challenge,modern,Autumn 2026,3537940,PearMist,19,0
2026-09-08,2026-09-14T08:02:27Z,12853715,Modern Challenge 32,challenge,modern,Autumn 2026,3133905,ZKG,20,0
2026-09-08,2026-09-14T08:02:27Z,12853715,Modern Challenge 32,challenge,modern,Autumn 2026,1940967,Schiaveto,21,0
2026-09-08,2026-09-14T08:02:27Z,12853715,Modern Challenge 32,challenge,modern,Autumn 2026,3294235,DB_Wishful14,22,0
2026-09-08,2026-09-14T08:02:27Z,12853715,Modern Challenge 32,challenge,modern,Autumn 2026,2816910,danro,23,0
2026-09-08,2026-09-14T08:02:27Z,12853715,Modern Challenge 32,challenge,modern,Autumn 2026,1194078,thirstythievin,24,0
2026-09-08,2026-09-14T08:02:27Z,12853715,Modern Challenge 32,challenge,modern,Autumn 2026,2679669,Ivan_Draw_Go,25,0
2026-09-08,2026-09-14T08:02:27Z,12853715,Modern Challenge 32,challenge,modern,Autumn 2026,2309846,bozo2112,26,0
2026-09-08,2026-09-14T08:02:27Z,12853715,Modern Challenge 32,challenge,modern,Autumn 2026,1952341,ejk,27,0
2026-09-08,2026-09-14T08:02:27Z,12853715,Modern Challenge 32,challenge,modern,Autumn 2026,1872783,henry_morehouse,28,0
2026-09-08,2026-09-14T08:02:27Z,12853715,Modern Challenge 32,challenge,modern,Autumn 2026,3143623,Fransadness,29,0
2026-09-08,2026-09-14T08:02:27Z,12853715,Modern Challenge 32,challenge,modern,Autumn 2026,3456669,Peter__Rabbit,30,0
2026-09-08,2026-09-14T08:02:27Z,12853715,Modern Challenge 32,challenge,modern,Autumn 2026,3530493,JoshFreeman,31,0
2026-09-08,2026-09-14T08:02:27Z,12853715,Modern Challenge 32,challenge,modern,Autumn 2026,3110481,Mad_Manaman,32,0
2026-09-08,2026-09-14T08:02:27Z,12853722,Modern Challenge 64,challenge,modern,Autumn 2026,2760324,jayrod115,1,5
2026-09-08,2026-09-14T08:02:27Z,12853722,Modern Challenge 64,challenge,modern,Autumn 2026,2796105,Porks,2,4
2026-09-08,2026-09-14T08:02:27Z,12853722,Modern Challenge 64,challenge,modern,Autumn 2026,2753736,RNicoF,3,3
2026-09-08,2026-09-14T08:02:27Z,12853722,Modern Challenge 64,challenge,modern,Autumn 2026,2981401,HuUeBR,4,3
2026-09-08,2026-09-14T08:02:27Z,12853722,Modern Challenge 64,challenge,modern,Autumn 2026,2720911,Cachorrowo,5,2
2026-09-08,2026-09-14T08:02:27Z,12853722,Modern Challenge 64,challenge,modern,Autumn 2026,2680052,Uagli1,6,2
2026-09-08,2026-09-14T08:02:27Z,12853722,Modern Challenge 64,challenge,modern,Autumn 2026,1742159,peter780108,7,2
2026-09-08,2026-09-14T08:02:27Z,12853722,Modern Challenge 64,challenge,modern,Autumn 2026,649380,Rvng,8,2
2026-09-08,2026-09-14T08:02:27Z,12853722,Modern Challenge 64,challenge,modern,Autumn 2026,3551828,Mclopi,9,1
2026-09-08,2026-09-14T08:02:27Z,12853722,Modern Challenge 64,challenge,modern,Autumn 2026,3540949,pedronavaja,10,1
2026-09-08,2026-09-14T08:02:27Z,12853722,Modern Challenge 64,challenge,modern,Autumn 2026,968121,Heartofthedalek,11,1
2026-09-08,2026-09-14T08:02:27Z,12853722,Modern Challenge 64,challenge,modern,Autumn 2026,1618758,selesneal,12,1
2026-09-08,2026-09-14T08:02:27Z,12853722,Modern Challenge 64,challenge,modern,Autumn 2026,2404093,nedyahiske,13,1
2026-09-08,2026-09-14T08:02:27Z,12853722,Modern Challenge 64,challenge,modern,Autumn 2026,3018543,Zompatanfo,14,1
2026-09-08,2026-09-14T08:02:27Z,12853722,Modern Challenge 64,challenge,modern,Autumn 2026,3074961,SorryImSoTilted,15,1
2026-09-08,2026-09-14T08:02:27Z,12853722,Modern Challenge 64,challenge,modern,Autumn 2026,3006274,MyrRetriever,16,1
2026-09-08,2026-09-14T08:02:27Z,12853722,Modern Challenge 64,challenge,modern,Autumn 2026,434546,sgcyrus,17,0
2026-09-08,2026-09-14T08:02:27Z,12853722,Modern Challenge 64,challenge,modern,Autumn 2026,3469379,Dasikk,18,0
2026-09-08,2026-09-14T08:02:27Z,12853722,Modern Challenge 64,challenge,modern,Autumn 2026,2966814,dedav,19,0
2026-09-08,2026-09-14T08:02:27Z,12853722,Modern Challenge 64,challenge,modern,Autumn 2026,3560747,ipadkid,20,0
2026-09-08,2026-09-14T08:02:27Z,12853722,Modern Challenge 64,challenge,modern,Autumn 2026,3310069,TomJubarte,21,0
2026-09-08,2026-09-14T08:02:27Z,12853722,Modern Challenge 64,challenge,modern,Autumn 2026,1980653,btail08,22,0
2026-09-08,2026-09-14T08:02:27Z,12853722,Modern Challenge 64,challenge,modern,Autumn 2026,280778,pokerswizard,23,0
2026-09-08,2026-09-14T08:02:27Z,12853722,Modern Challenge 64,challenge,modern,Autumn 2026,2995227,The_Catfin,24,0
2026-09-08,2026-09-14T08:02:27Z,12853722,Modern Challenge 64,challenge,modern,Autumn 2026,1997683,hugofreitas1,25,0
2026-09-08,2026-09-14T08:02:27Z,12853722,Modern Challenge 64,challenge,modern,Autumn 2026,630478,sikolio,26,0
2026-09-08,2026-09-14T08:02:27Z,12853722,Modern Challenge 64,challenge,modern,Autumn 2026,3244221,prophopper,27,0
2026-09-08,2026-09-14T08:02:27Z,12853722,Modern Challenge 64,challenge,modern,Autumn 2026,726347,Mikebrav,28,0
2026-09-08,2026-09-14T08:02:27Z,12853722,Modern Challenge 64,challenge,modern,Autumn 2026,750888,LucasG1ggs,29,0
2026-09-08,2026-09-14T08:02:27Z,12853722,Modern Challenge 64,challenge,modern,Autumn 2026,2755417,Giox96,30,0
2026-09-08,2026-09-14T08:02:27Z,12853722,Modern Challenge 64,challenge,modern,Autumn 2026,443982,echecetmat35,31,0
2026-09-08,2026-09-14T08:02:27Z,12853722,Modern Challenge 64,challenge,modern,Autumn 2026,3230515,Devoured,32,0
2026-09-08,2026-09-14T08:02:27Z,12853784,Modern Challenge 16,challenge,modern,Autumn 2026,1111702,oskiyaa,1,5
2026-09-08,2026-09-14T08:02:27Z,12853784,Modern Challenge 16,challenge,modern,Autumn 2026,2569009,TrueHero,2,4
2026-09-08,2026-09-14T08:02:27Z,12853784,Modern Challenge 16,challenge,modern,Autumn 2026,3106168,Reiam,3,3
2026-09-08,2026-09-14T08:02:27Z,12853784,Modern Challenge 16,challenge,modern,Autumn 2026,1198783,morris,4,3
2026-09-08,2026-09-14T08:02:27Z,12853784,Modern Challenge 16,challenge,modern,Autumn 2026,2690217,komattaman,5,2
2026-09-08,2026-09-14T08:02:27Z,12853784,Modern Challenge 16,challenge,modern,Autumn 2026,1847500,Gobern,6,2
2026-09-08,2026-09-14T08:02:27Z,12853784,Modern Challenge 16,challenge,modern,Autumn 2026,2708393,Latorretta,7,2
2026-09-08,2026-09-14T08:02:27Z,12853784,Modern Challenge 16,challenge,modern,Autumn 2026,2908947,manohito,8,2
2026-09-08,2026-09-14T08:02:27Z,12853784,Modern Challenge 16,challenge,modern,Autumn 2026,3555118,WhiteNinja,9,1
2026-09-08,2026-09-14T08:02:27Z,12853784,Modern Challenge 16,challenge,modern,Autumn 2026,815932,unagieel,10,1
2026-09-08,2026-09-14T08:02:27Z,12853784,Modern Challenge 16,challenge,modern,Autumn 2026,737594,hanshq,11,1
2026-09-08,2026-09-14T08:02:27Z,12853784,Modern Challenge 16,challenge,modern,Autumn 2026,1778538,Attomium,12,1
2026-09-08,2026-09-14T08:02:27Z,12853784,Modern Challenge 16,challenge,modern,Autumn 2026,2911978,Pompuskaya,13,1
2026-09-08,2026-09-14T08:02:27Z,12853784,Modern Challenge 16,challenge,modern,Autumn 2026,2855160,Maede,14,1
2026-09-08,2026-09-14T08:02:27Z,12853784,Modern Challenge 16,challenge,modern,Autumn 2026,1181017,JPA93,15,1
2026-09-08,2026-09-14T08:02:27Z,12853784,Modern Challenge 16,challenge,modern,Autumn 2026,1950520,Galaxios,16,1
2026-09-08,2026-09-14T08:02:27Z,12853784,Modern Challenge 16,challenge,modern,Autumn 2026,1700365,Tetsubou,17,0
2026-09-08,2026-09-14T08:02:27Z,12853784,Modern Challenge 16,challenge,modern,Autumn 2026,639998,imthekiing,18,0
2026-09-08,2026-09-14T08:02:27Z,12853784,Modern Challenge 16,challenge,modern,Autumn 2026,923582,Varo,19,0
2026-09-08,2026-09-14T08:02:27Z,12853784,Modern Challenge 16,challenge,modern,Autumn 2026,1964476,Cptwalnut,20,0
2026-09-08,2026-09-14T08:02:27Z,12853784,Modern Challenge 16,challenge,modern,Autumn 2026,3110481,Mad_Manaman,21,0
2026-09-08,2026-09-14T08:02:27Z,12853784,Modern Challenge 16,challenge,modern,Autumn 2026,856754,swff,22,0
2026-09-08,2026-09-14T08:02:27Z,12853784,Modern Challenge 16,challenge,modern,Autumn 2026,240494,Ares80,23,0
2026-09-08,2026-09-14T08:02:27Z,12853784,Modern Challenge 16,challenge,modern,Autumn 2026,2722619,Gregoriusil,24,0
2026-09-08,2026-09-14T08:02:27Z,12853784,Modern Challenge 16,challenge,modern,Autumn 2026,2272105,pepeteam,25,0
2026-09-08,2026-09-14T08:02:27Z,12853784,Modern Challenge 16,challenge,modern,Autumn 2026,1703735,meanfannypack,26,0
2026-09-08,2026-09-14T08:02:27Z,12853784,Modern Challenge 16,challenge,modern,Autumn 2026,3315179,chagu,27,0
2026-09-08,2026-09-14T08:02:27Z,12853784,Modern Challenge 16,challenge,modern,Autumn 2026,3222070,Lightspirit,28,0
2026-09-08,2026-09-14T08:02:27Z,12853784,Modern Challenge 16,challenge,modern,Autumn 2026,3124711,SafetyHazard,29,0
2026-09-08,2026-09-14T08:02:27Z,12853784,Modern Challenge 16,challenge,modern,Autumn 2026,3254577,The_shallow_grave,30,0
2026-09-08,2026-09-14T08:02:27Z,12853784,Modern Challenge 16,challenge,modern,Autumn 2026,195620,lampalot,31,0
2026-09-09,2026-09-14T08:02:27Z,12853724,Modern Challenge 32,challenge,modern,Autumn 2026,2877405,Darkchrome6538,1,5
2026-09-09,2026-09-14T08:02:27Z,12853724,Modern Challenge 32,challenge,modern,Autumn 2026,2714224,eclipse4343,2,4
2026-09-09,2026-09-14T08:02:27Z,12853724,Modern Challenge 32,challenge,modern,Autumn 2026,1952341,ejk,3,3
2026-09-09,2026-09-14T08:02:27Z,12853724,Modern Challenge 32,challenge,modern,Autumn 2026,1210536,musasabi,4,3
2026-09-09,2026-09-14T08:02:27Z,12853724,Modern Challenge 32,challenge,modern,Autumn 2026,2858193,oinkmage22,5,2
2026-09-09,2026-09-14T08:02:27Z,12853724,Modern Challenge 32,challenge,modern,Autumn 2026,750888,LucasG1ggs,6,2
2026-09-09,2026-09-14T08:02:27Z,12853724,Modern Challenge 32,challenge,modern,Autumn 2026,1059076,claudio0907,7,2
2026-09-09,2026-09-14T08:02:27Z,12853724,Modern Challenge 32,challenge,modern,Autumn 2026,3161045,SlankyPotato,8,2
2026-09-09,2026-09-14T08:02:27Z,12853724,Modern Challenge 32,challenge,modern,Autumn 2026,2903591,MeninoNey,9,1
2026-09-09,2026-09-14T08:02:27Z,12853724,Modern Challenge 32,challenge,modern,Autumn 2026,1540808,_Stream,10,1
2026-09-09,2026-09-14T08:02:27Z,12853724,Modern Challenge 32,challenge,modern,Autumn 2026,2916207,FacadeJK,11,1
2026-09-09,2026-09-14T08:02:27Z,12853724,Modern Challenge 32,challenge,modern,Autumn 2026,3039318,Skrocious,12,1
2026-09-09,2026-09-14T08:02:27Z,12853724,Modern Challenge 32,challenge,modern,Autumn 2026,2720911,Cachorrowo,13,1
2026-09-09,2026-09-14T08:02:27Z,12853724,Modern Challenge 32,challenge,modern,Autumn 2026,2301700,qmcgarry45,14,1
2026-09-09,2026-09-14T08:02:27Z,12853724,Modern Challenge 32,challenge,modern,Autumn 2026,2847760,Certified_Noob,15,1
2026-09-09,2026-09-14T08:02:27Z,12853724,Modern Challenge 32,challenge,modern,Autumn 2026,2464763,Savior0117,16,1
2026-09-09,2026-09-14T08:02:27Z,12853724,Modern Challenge 32,challenge,modern,Autumn 2026,2042214,Selfeisek,17,0
2026-09-09,2026-09-14T08:02:27Z,12853724,Modern Challenge 32,challenge,modern,Autumn 2026,2173709,BlueDrivesMonster,18,0
2026-09-09,2026-09-14T08:02:27Z,12853724,Modern Challenge 32,challenge,modern,Autumn 2026,2908947,manohito,19,0
2026-09-09,2026-09-14T08:02:27Z,12853724,Modern Challenge 32,challenge,modern,Autumn 2026,2747375,DemianDesposito10,20,0
2026-09-09,2026-09-14T08:02:27Z,12853724,Modern Challenge 32,challenge,modern,Autumn 2026,3056706,Xsper,21,0
2026-09-09,2026-09-14T08:02:27Z,12853724,Modern Challenge 32,challenge,modern,Autumn 2026,2449332,xfile,22,0
2026-09-09,2026-09-14T08:02:27Z,12853724,Modern Challenge 32,challenge,modern,Autumn 2026,1944075,sidisi,23,0
2026-09-09,2026-09-14T08:02:27Z,12853724,Modern Challenge 32,challenge,modern,Autumn 2026,1855680,TeamGreed,24,0
2026-09-09,2026-09-14T08:02:27Z,12853724,Modern Challenge 32,challenge,modern,Autumn 2026,3382957,JonDaBill,25,0
2026-09-09,2026-09-14T08:02:27Z,12853724,Modern Challenge 32,challenge,modern,Autumn 2026,2945081,EnderW,26,0
2026-09-09,2026-09-14T08:02:27Z,12853724,Modern Challenge 32,challenge,modern,Autumn 2026,1862893,ls149950,27,0
2026-09-09,2026-09-14T08:02:27Z,12853724,Modern Challenge 32,challenge,modern,Autumn 2026,3417339,AFitzsimmons,28,0
2026-09-09,2026-09-14T08:02:27Z,12853724,Modern Challenge 32,challenge,modern,Autumn 2026,2764694,Brunes,29,0
2026-09-09,2026-09-14T08:02:27Z,12853724,Modern Challenge 32,challenge,modern,Autumn 2026,1695657,Hazzrd,30,0
2026-09-09,2026-09-14T08:02:27Z,12853724,Modern Challenge 32,challenge,modern,Autumn 2026,2094696,BLJ,31,0
2026-09-09,2026-09-14T08:02:27Z,12853724,Modern Challenge 32,challenge,modern,Autumn 2026,2690217,komattaman,32,0
2026-09-09,2026-09-14T08:02:27Z,12853726,Modern Challenge 96,challenge,modern,Autumn 2026,676549,Alakai,1,5
2026-09-09,2026-09-14T08:02:27Z,12853726,Modern Challenge 96,challenge,modern,Autumn 2026,3154401,makaaaa,2,4
2026-09-09,2026-09-14T08:02:27Z,12853726,Modern Challenge 96,challenge,modern,Autumn 2026,2764694,Brunes,3,3
2026-09-09,2026-09-14T08:02:27Z,12853726,Modern Challenge 96,challenge,modern,Autumn 2026,2464763,Savior0117,4,3
2026-09-09,2026-09-14T08:02:27Z,12853726,Modern Challenge 96,challenge,modern,Autumn 2026,1872783,henry_morehouse,5,2
2026-09-09,2026-09-14T08:02:27Z,12853726,Modern Challenge 96,challenge,modern,Autumn 2026,1932562,MahfuzVanGogh,6,2
2026-09-09,2026-09-14T08:02:27Z,12853726,Modern Challenge 96,challenge,modern,Autumn 2026,254536,rastaf,7,2
2026-09-09,2026-09-14T08:02:27Z,12853726,Modern Challenge 96,challenge,modern,Autumn 2026,2129541,Mistakenn,8,2
2026-09-09,2026-09-14T08:02:27Z,12853726,Modern Challenge 96,challenge,modern,Autumn 2026,658003,andycsoto,9,1
2026-09-09,2026-09-14T08:02:27Z,12853726,Modern Challenge 96,challenge,modern,Autumn 2026,1997683,hugofreitas1,10,1
2026-09-09,2026-09-14T08:02:27Z,12853726,Modern Challenge 96,challenge,modern,Autumn 2026,2903591,MeninoNey,11,1
2026-09-09,2026-09-14T08:02:27Z,12853726,Modern Challenge 96,challenge,modern,Autumn 2026,1257023,SpiderSpace,12,1
2026-09-09,2026-09-14T08:02:27Z,12853726,Modern Challenge 96,challenge,modern,Autumn 2026,2839061,MercurialChemister,13,1
2026-09-09,2026-09-14T08:02:27Z,12853726,Modern Challenge 96,challenge,modern,Autumn 2026,2092644,Foxantes,14,1
2026-09-09,2026-09-14T08:02:27Z,12853726,Modern Challenge 96,challenge,modern,Autumn 2026,649380,Rvng,15,1
2026-09-09,2026-09-14T08:02:27Z,12853726,Modern Challenge 96,challenge,modern,Autumn 2026,3106168,Reiam,16,1
2026-09-09,2026-09-14T08:02:27Z,12853726,Modern Challenge 96,challenge,modern,Autumn 2026,2107460,Andeloth,17,0
2026-09-09,2026-09-14T08:02:27Z,12853726,Modern Challenge 96,challenge,modern,Autumn 2026,3117739,ChaoticMTG,18,0
2026-09-09,2026-09-14T08:02:27Z,12853726,Modern Challenge 96,challenge,modern,Autumn 2026,1755256,Martin_Dominguez,19,0
2026-09-09,2026-09-14T08:02:27Z,12853726,Modern Challenge 96,challenge,modern,Autumn 2026,1126161,alexeezayyy,20,0
2026-09-09,2026-09-14T08:02:27Z,12853726,Modern Challenge 96,challenge,modern,Autumn 2026,2626857,MystikHawk,21,0
2026-09-09,2026-09-14T08:02:27Z,12853726,Modern Challenge 96,challenge,modern,Autumn 2026,2725080,Skadonk,22,0
2026-09-09,2026-09-14T08:02:27Z,12853726,Modern Challenge 96,challenge,modern,Autumn 2026,2669359,HouseOfManaMTG,23,0
2026-09-09,2026-09-14T08:02:27Z,12853726,Modern Challenge 96,challenge,modern,Autumn 2026,2688845,DelverOfBolts,24,0
2026-09-09,2026-09-14T08:02:27Z,12853726,Modern Challenge 96,challenge,modern,Autumn 2026,3106246,fazparte,25,0
2026-09-09,2026-09-14T08:02:27Z,12853726,Modern Challenge 96,challenge,modern,Autumn 2026,1824707,bcs8995,26,0
2026-09-09,2026-09-14T08:02:27Z,12853726,Modern Challenge 96,challenge,modern,Autumn 2026,2412485,Comrade1312,27,0
2026-09-09,2026-09-14T08:02:27Z,12853726,Modern Challenge 96,challenge,modern,Autumn 2026,3358375,acelerado440,28,0
2026-09-09,2026-09-14T08:02:27Z,12853726,Modern Challenge 96,challenge,modern,Autumn 2026,999039,Willthepill,29,0
2026-09-09,2026-09-14T08:02:27Z,12853726,Modern Challenge 96,challenge,modern,Autumn 2026,844369,Boucha,30,0
2026-09-09,2026-09-14T08:02:27Z,12853726,Modern Challenge 96,challenge,modern,Autumn 2026,2916346,m0sc0wmitch,31,0
2026-09-09,2026-09-14T08:02:27Z,12853726,Modern Challenge 96,challenge,modern,Autumn 2026,10594,Aced5,32,0
2026-09-10,2026-09-14T08:02:27Z,12854060,Modern Challenge 64,challenge,modern,Autumn 2026,2126126,KingCapivara,1,5
2026-09-10,2026-09-14T08:02:27Z,12854060,Modern Challenge 64,challenge,modern,Autumn 2026,3222070,Lightspirit,2,4
2026-09-10,2026-09-14T08:02:27Z,12854060,Modern Challenge 64,challenge,modern,Autumn 2026,2250193,Clesss,3,3
2026-09-10,2026-09-14T08:02:27Z,12854060,Modern Challenge 64,challenge,modern,Autumn 2026,3535587,Venom01,4,3
2026-09-10,2026-09-14T08:02:27Z,12854060,Modern Challenge 64,challenge,modern,Autumn 2026,1755256,Martin_Dominguez,5,2
2026-09-10,2026-09-14T08:02:27Z,12854060,Modern Challenge 64,challenge,modern,Autumn 2026,1932562,MahfuzVanGogh,6,2
2026-09-10,2026-09-14T08:02:27Z,12854060,Modern Challenge 64,challenge,modern,Autumn 2026,2683189,Ale_Mtg,7,2
2026-09-10,2026-09-14T08:02:27Z,12854060,Modern Challenge 64,challenge,modern,Autumn 2026,2129541,Mistakenn,8,2
2026-09-10,2026-09-14T08:02:27Z,12854060,Modern Challenge 64,challenge,modern,Autumn 2026,2788118,RespectTheCat,9,1
2026-09-10,2026-09-14T08:02:27Z,12854060,Modern Challenge 64,challenge,modern,Autumn 2026,2626857,MystikHawk,10,1
2026-09-10,2026-09-14T08:02:27Z,12854060,Modern Challenge 64,challenge,modern,Autumn 2026,2261440,quinniac,11,1
2026-09-10,2026-09-14T08:02:27Z,12854060,Modern Challenge 64,challenge,modern,Autumn 2026,3256386,groot02,12,1
2026-09-10,2026-09-14T08:02:27Z,12854060,Modern Challenge 64,challenge,modern,Autumn 2026,3253656,yunyu1234,13,1
2026-09-10,2026-09-14T08:02:27Z,12854060,Modern Challenge 64,challenge,modern,Autumn 2026,2680052,Uagli1,14,1
2026-09-10,2026-09-14T08:02:27Z,12854060,Modern Challenge 64,challenge,modern,Autumn 2026,2903591,MeninoNey,15,1
2026-09-10,2026-09-14T08:02:27Z,12854060,Modern Challenge 64,challenge,modern,Autumn 2026,3542947,SantiMagicOnline,16,1
2026-09-10,2026-09-14T08:02:27Z,12854060,Modern Challenge 64,challenge,modern,Autumn 2026,3540949,pedronavaja,17,0
2026-09-10,2026-09-14T08:02:27Z,12854060,Modern Challenge 64,challenge,modern,Autumn 2026,2812147,TokaraStrait,18,0
2026-09-10,2026-09-14T08:02:27Z,12854060,Modern Challenge 64,challenge,modern,Autumn 2026,3324343,Frazzoilpazzo,19,0
2026-09-10,2026-09-14T08:02:27Z,12854060,Modern Challenge 64,challenge,modern,Autumn 2026,1635278,AlexanderRosdahl,20,0
2026-09-10,2026-09-14T08:02:27Z,12854060,Modern Challenge 64,challenge,modern,Autumn 2026,3154401,makaaaa,21,0
2026-09-10,2026-09-14T08:02:27Z,12854060,Modern Challenge 64,challenge,modern,Autumn 2026,3421630,VintageCulture,22,0
2026-09-10,2026-09-14T08:02:27Z,12854060,Modern Challenge 64,challenge,modern,Autumn 2026,331829,slaxx,23,0
2026-09-10,2026-09-14T08:02:27Z,12854060,Modern Challenge 64,challenge,modern,Autumn 2026,319589,FranBenitez91,24,0
2026-09-10,2026-09-14T08:02:27Z,12854060,Modern Challenge 64,challenge,modern,Autumn 2026,2916207,FacadeJK,25,0
2026-09-10,2026-09-14T08:02:27Z,12854060,Modern Challenge 64,challenge,modern,Autumn 2026,240494,Ares80,26,0
2026-09-10,2026-09-14T08:02:27Z,12854060,Modern Challenge 64,challenge,modern,Autumn 2026,2831449,Navigator_2505,27,0
2026-09-10,2026-09-14T08:02:27Z,12854060,Modern Challenge 64,challenge,modern,Autumn 2026,1304755,Imaeda,28,0
2026-09-10,2026-09-14T08:02:27Z,12854060,Modern Challenge 64,challenge,modern,Autumn 2026,3464245,diogodesouzajr,29,0
2026-09-10,2026-09-14T08:02:27Z,12854060,Modern Challenge 64,challenge,modern,Autumn 2026,3467306,Davidowiz,30,0
2026-09-10,2026-09-14T08:02:27Z,12854060,Modern Challenge 64,challenge,modern,Autumn 2026,1111702,oskiyaa,31,0
2026-09-10,2026-09-14T08:02:27Z,12854060,Modern Challenge 64,challenge,modern,Autumn 2026,3504797,Eddard99,32,0
2026-09-11,2026-09-14T08:02:27Z,12854070,Modern Challenge 64,challenge,modern,Autumn 2026,1754547,Sodeq,1,5
2026-09-11,2026-09-14T08:02:27Z,12854070,Modern Challenge 64,challenge,modern,Autumn 2026,2126126,KingCapivara,2,4
2026-09-11,2026-09-14T08:02:27Z,12854070,Modern Challenge 64,challenge,modern,Autumn 2026,1304755,Imaeda,3,3
2026-09-11,2026-09-14T08:02:27Z,12854070,Modern Challenge 64,challenge,modern,Autumn 2026,1181017,JPA93,4,3
2026-09-11,2026-09-14T08:02:27Z,12854070,Modern Challenge 64,challenge,modern,Autumn 2026,2129541,Mistakenn,5,2
2026-09-11,2026-09-14T08:02:27Z,12854070,Modern Challenge 64,challenge,modern,Autumn 2026,3540949,pedronavaja,6,2
2026-09-11,2026-09-14T08:02:27Z,12854070,Modern Challenge 64,challenge,modern,Autumn 2026,254536,rastaf,7,2
2026-09-11,2026-09-14T08:02:27Z,12854070,Modern Challenge 64,challenge,modern,Autumn 2026,2449332,xfile,8,2
2026-09-11,2026-09-14T08:02:27Z,12854070,Modern Challenge 64,challenge,modern,Autumn 2026,1847500,Gobern,9,1
2026-09-11,2026-09-14T08:02:27Z,12854070,Modern Challenge 64,challenge,modern,Autumn 2026,3393515,Duddz_z,10,1
2026-09-11,2026-09-14T08:02:27Z,12854070,Modern Challenge 64,challenge,modern,Autumn 2026,2397097,ajifly,11,1
2026-09-11,2026-09-14T08:02:27Z,12854070,Modern Challenge 64,challenge,modern,Autumn 2026,2651001,Smallforest,12,1
2026-09-11,2026-09-14T08:02:27Z,12854070,Modern Challenge 64,challenge,modern,Autumn 2026,3112617,habieh,13,1
2026-09-11,2026-09-14T08:02:27Z,12854070,Modern Challenge 64,challenge,modern,Autumn 2026,1059076,claudio0907,14,1
2026-09-11,2026-09-14T08:02:27Z,12854070,Modern Challenge 64,challenge,modern,Autumn 2026,847498,oeni,15,1
2026-09-11,2026-09-14T08:02:27Z,12854070,Modern Challenge 64,challenge,modern,Autumn 2026,2681378,Grischdl,16,1
2026-09-11,2026-09-14T08:02:27Z,12854070,Modern Challenge 64,challenge,modern,Autumn 2026,3360797,Chillbais,17,0
2026-09-11,2026-09-14T08:02:27Z,12854070,Modern Challenge 64,challenge,modern,Autumn 2026,3469379,Dasikk,18,0
2026-09-11,2026-09-14T08:02:27Z,12854070,Modern Challenge 64,challenge,modern,Autumn 2026,3003904,elBB,19,0
2026-09-11,2026-09-14T08:02:27Z,12854070,Modern Challenge 64,challenge,modern,Autumn 2026,1950164,Dioferreira,20,0
2026-09-11,2026-09-14T08:02:27Z,12854070,Modern Challenge 64,challenge,modern,Autumn 2026,1706283,Laplasjan,21,0
2026-09-11,2026-09-14T08:02:27Z,12854070,Modern Challenge 64,challenge,modern,Autumn 2026,2472358,FrankHolmquist,22,0
2026-09-11,2026-09-14T08:02:27Z,12854070,Modern Challenge 64,challenge,modern,Autumn 2026,2855160,Maede,23,0
2026-09-11,2026-09-14T08:02:27Z,12854070,Modern Challenge 64,challenge,modern,Autumn 2026,1402171,Piglet,24,0
2026-09-11,2026-09-14T08:02:27Z,12854070,Modern Challenge 64,challenge,modern,Autumn 2026,3477626,Serosocram,25,0
2026-09-11,2026-09-14T08:02:27Z,12854070,Modern Challenge 64,challenge,modern,Autumn 2026,2304638,choobes,26,0
2026-09-11,2026-09-14T08:02:27Z,12854070,Modern Challenge 64,challenge,modern,Autumn 2026,685719,-=Alfa=-,27,0
2026-09-11,2026-09-14T08:02:27Z,12854070,Modern Challenge 64,challenge,modern,Autumn 2026,1149195,kbol_,28,0
2026-09-11,2026-09-14T08:02:27Z,12854070,Modern Challenge 64,challenge,modern,Autumn 2026,2688845,DelverOfBolts,29,0
2026-09-11,2026-09-14T08:02:27Z,12854070,Modern Challenge 64,challenge,modern,Autumn 2026,2940494,Dydyk95,30,0
2026-09-11,2026-09-14T08:02:27Z,12854070,Modern Challenge 64,challenge,modern,Autumn 2026,1996271,Jedgi,31,0
2026-09-11,2026-09-14T08:02:27Z,12854070,Modern Challenge 64,challenge,modern,Autumn 2026,2725080,Skadonk,32,0
2026-09-12,2026-09-14T08:02:27Z,12854075,Modern Challenge 64,challenge,modern,Autumn 2026,1758149,yama33,1,5
2026-09-12,2026-09-14T08:02:27Z,12854075,Modern Challenge 64,challenge,modern,Autumn 2026,3041704,Linden_43,2,4
2026-09-12,2026-09-14T08:02:27Z,12854075,Modern Challenge 64,challenge,modern,Autumn 2026,1402171,Piglet,3,3
2026-09-12,2026-09-14T08:02:27Z,12854075,Modern Challenge 64,challenge,modern,Autumn 2026,277034,Marxelo,4,3
2026-09-12,2026-09-14T08:02:27Z,12854075,Modern Challenge 64,challenge,modern,Autumn 2026,194753,CarlosZ,5,2
2026-09-12,2026-09-14T08:02:27Z,12854075,Modern Challenge 64,challenge,modern,Autumn 2026,3056706,Xsper,6,2
2026-09-12,2026-09-14T08:02:27Z,12854075,Modern Challenge 64,challenge,modern,Autumn 2026,3469379,Dasikk,7,2
2026-09-12,2026-09-14T08:02:27Z,12854075,Modern Challenge 64,challenge,modern,Autumn 2026,670831,triosk,8,2
2026-09-12,2026-09-14T08:02:27Z,12854075,Modern Challenge 64,challenge,modern,Autumn 2026,3351004,pattiepattie,9,1
2026-09-12,2026-09-14T08:02:27Z,12854075,Modern Challenge 64,challenge,modern,Autumn 2026,2909055,bayjen_,10,1
2026-09-12,2026-09-14T08:02:27Z,12854075,Modern Challenge 64,challenge,modern,Autumn 2026,3023527,azpharot,11,1
2026-09-12,2026-09-14T08:02:27Z,12854075,Modern Challenge 64,challenge,modern,Autumn 2026,875470,Tree42o,12,1
2026-09-12,2026-09-14T08:02:27Z,12854075,Modern Challenge 64,challenge,modern,Autumn 2026,2164345,badger225,13,1
2026-09-12,2026-09-14T08:02:27Z,12854075,Modern Challenge 64,challenge,modern,Autumn 2026,3542423,PrismaticPrism,14,1
2026-09-12,2026-09-14T08:02:27Z,12854075,Modern Challenge 64,challenge,modern,Autumn 2026,3405528,kattsu,15,1
2026-09-12,2026-09-14T08:02:27Z,12854075,Modern Challenge 64,challenge,modern,Autumn 2026,3411670,ThatDogGirl,16,1
2026-09-12,2026-09-14T08:02:27Z,12854075,Modern Challenge 64,challenge,modern,Autumn 2026,3263693,MeninooNey,17,0
2026-09-12,2026-09-14T08:02:27Z,12854075,Modern Challenge 64,challenge,modern,Autumn 2026,2373595,Lollopollo2001,18,0
2026-09-12,2026-09-14T08:02:27Z,12854075,Modern Challenge 64,challenge,modern,Autumn 2026,1210536,musasabi,19,0
2026-09-12,2026-09-14T08:02:27Z,12854075,Modern Challenge 64,challenge,modern,Autumn 2026,2908401,goron27,20,0
2026-09-12,2026-09-14T08:02:27Z,12854075,Modern Challenge 64,challenge,modern,Autumn 2026,3042804,NJ5030,21,0
2026-09-12,2026-09-14T08:02:27Z,12854075,Modern Challenge 64,challenge,modern,Autumn 2026,1155448,Bagoot,22,0
2026-09-12,2026-09-14T08:02:27Z,12854075,Modern Challenge 64,challenge,modern,Autumn 2026,864036,renatoaraujo,23,0
2026-09-12,2026-09-14T08:02:27Z,12854075,Modern Challenge 64,challenge,modern,Autumn 2026,1700365,Tetsubou,24,0
2026-09-12,2026-09-14T08:02:27Z,12854075,Modern Challenge 64,challenge,modern,Autumn 2026,1122967,MTGBananasack,25,0
2026-09-12,2026-09-14T08:02:27Z,12854075,Modern Challenge 64,challenge,modern,Autumn 2026,1992545,Akirasaurus,26,0
2026-09-12,2026-09-14T08:02:27Z,12854075,Modern Challenge 64,challenge,modern,Autumn 2026,2669359,HouseOfManaMTG,27,0
2026-09-12,2026-09-14T08:02:27Z,12854075,Modern Challenge 64,challenge,modern,Autumn 2026,2939702,Magikal710,28,0
2026-09-12,2026-09-14T08:02:27Z,12854075,Modern Challenge 64,challenge,modern,Autumn 2026,2092528,Sam_Lewin,29,0
2026-09-12,2026-09-14T08:02:27Z,12854075,Modern Challenge 64,challenge,modern,Autumn 2026,3350667,Marlin583,30,0
2026-09-12,2026-09-14T08:02:27Z,12854075,Modern Challenge 64,challenge,modern,Autumn 2026,3361190,13uttchug,31,0
2026-09-12,2026-09-14T08:02:27Z,12854075,Modern Challenge 64,challenge,modern,Autumn 2026,835989,Furstenberger,32,0
2026-09-12,2026-09-14T08:02:27Z,12854076,Modern Challenge 16,challenge,modern,Autumn 2026,1574579,albert62,1,5
2026-09-12,2026-09-14T08:02:27Z,12854076,Modern Challenge 16,challenge,modern,Autumn 2026,1952341,ejk,2,4
2026-09-12,2026-09-14T08:02:27Z,12854076,Modern Challenge 16,challenge,modern,Autumn 2026,2373595,Lollopollo2001,3,3
2026-09-12,2026-09-14T08:02:27Z,12854076,Modern Challenge 16,challenge,modern,Autumn 2026,3298193,bubblywubblytubbler,4,3
2026-09-12,2026-09-14T08:02:27Z,12854076,Modern Challenge 16,challenge,modern,Autumn 2026,2272105,pepeteam,5,2
2026-09-12,2026-09-14T08:02:27Z,12854076,Modern Challenge 16,challenge,modern,Autumn 2026,993288,Stanshine,6,2
2026-09-12,2026-09-14T08:02:27Z,12854076,Modern Challenge 16,challenge,modern,Autumn 2026,3293663,Athenani,7,2
2026-09-12,2026-09-14T08:02:27Z,12854076,Modern Challenge 16,challenge,modern,Autumn 2026,2322146,felider,8,2
2026-09-12,2026-09-14T08:02:27Z,12854076,Modern Challenge 16,challenge,modern,Autumn 2026,3521795,ATyongmila,9,1
2026-09-12,2026-09-14T08:02:27Z,12854076,Modern Challenge 16,challenge,modern,Autumn 2026,2651001,Smallforest,10,1
2026-09-12,2026-09-14T08:02:27Z,12854076,Modern Challenge 16,challenge,modern,Autumn 2026,2681378,Grischdl,11,1
2026-09-12,2026-09-14T08:02:27Z,12854076,Modern Challenge 16,challenge,modern,Autumn 2026,2747375,DemianDesposito10,12,1
2026-09-12,2026-09-14T08:02:27Z,12854076,Modern Challenge 16,challenge,modern,Autumn 2026,3229651,catgirlmom,13,1
2026-09-12,2026-09-14T08:02:27Z,12854076,Modern Challenge 16,challenge,modern,Autumn 2026,665280,Salochin,14,1
2026-09-12,2026-09-14T08:02:27Z,12854076,Modern Challenge 16,challenge,modern,Autumn 2026,415299,DragonFodder,15,1
2026-09-12,2026-09-14T08:02:27Z,12854076,Modern Challenge 16,challenge,modern,Autumn 2026,2831449,Navigator_2505,16,1
2026-09-12,2026-09-14T08:02:27Z,12854076,Modern Challenge 16,challenge,modern,Autumn 2026,3308824,DB_BFG,17,0
2026-09-12,2026-09-14T08:02:27Z,12854076,Modern Challenge 16,challenge,modern,Autumn 2026,2865888,Traumatismes,18,0
2026-09-12,2026-09-14T08:02:27Z,12854076,Modern Challenge 16,challenge,modern,Autumn 2026,962368,Suechtler,19,0
2026-09-12,2026-09-14T08:02:27Z,12854076,Modern Challenge 16,challenge,modern,Autumn 2026,1210536,musasabi,20,0
2026-09-12,2026-09-14T08:02:27Z,12854076,Modern Challenge 16,challenge,modern,Autumn 2026,2797293,Arkmaru,21,0
2026-09-12,2026-09-14T08:02:27Z,12854076,Modern Challenge 16,challenge,modern,Autumn 2026,2042214,Selfeisek,22,0
2026-09-12,2026-09-14T08:02:27Z,12854076,Modern Challenge 16,challenge,modern,Autumn 2026,1823579,tA326_,23,0
2026-09-12,2026-09-14T08:02:27Z,12854076,Modern Challenge 16,challenge,modern,Autumn 2026,1942357,nahuel10,24,0
2026-09-12,2026-09-14T08:02:27Z,12854076,Modern Challenge 16,challenge,modern,Autumn 2026,2498069,_Falcon_,25,0
2026-09-12,2026-09-14T08:02:27Z,12854076,Modern Challenge 16,challenge,modern,Autumn 2026,2278761,Kihara_Works,26,0
2026-09-12,2026-09-14T08:02:27Z,12854076,Modern Challenge 16,challenge,modern,Autumn 2026,3111083,TXCsingularity,27,0
2026-09-12,2026-09-14T08:02:27Z,12854076,Modern Challenge 16,challenge,modern,Autumn 2026,2090973,manjyui,28,0
2026-09-12,2026-09-14T08:02:27Z,12854076,Modern Challenge 16,challenge,modern,Autumn 2026,6062,duke12,29,0
2026-09-12,2026-09-14T08:02:27Z,12854081,Modern Challenge 64,challenge,modern,Autumn 2026,2788118,RespectTheCat,1,5
2026-09-12,2026-09-14T08:02:27Z,12854081,Modern Challenge 64,challenge,modern,Autumn 2026,2618500,Jumba,2,4
2026-09-12,2026-09-14T08:02:27Z,12854081,Modern Challenge 64,challenge,modern,Autumn 2026,2683189,Ale_Mtg,3,3
2026-09-12,2026-09-14T08:02:27Z,12854081,Modern Challenge 64,challenge,modern,Autumn 2026,2780151,vdboule,4,3
2026-09-12,2026-09-14T08:02:27Z,12854081,Modern Challenge 64,challenge,modern,Autumn 2026,2342880,Damgar,5,2
2026-09-12,2026-09-14T08:02:27Z,12854081,Modern Challenge 64,challenge,modern,Autumn 2026,1942357,nahuel10,6,2
2026-09-12,2026-09-14T08:02:27Z,12854081,Modern Challenge 64,challenge,modern,Autumn 2026,2198387,svessesvv,7,2
2026-09-12,2026-09-14T08:02:27Z,12854081,Modern Challenge 64,challenge,modern,Autumn 2026,2001916,Darthkid,8,2
2026-09-12,2026-09-14T08:02:27Z,12854081,Modern Challenge 64,challenge,modern,Autumn 2026,1847500,Gobern,9,1
2026-09-12,2026-09-14T08:02:27Z,12854081,Modern Challenge 64,challenge,modern,Autumn 2026,2272105,pepeteam,10,1
2026-09-12,2026-09-14T08:02:27Z,12854081,Modern Challenge 64,challenge,modern,Autumn 2026,3095198,hyyy1,11,1
2026-09-12,2026-09-14T08:02:27Z,12854081,Modern Challenge 64,challenge,modern,Autumn 2026,3170981,Zoza,12,1
2026-09-12,2026-09-14T08:02:27Z,12854081,Modern Challenge 64,challenge,modern,Autumn 2026,280778,pokerswizard,13,1
2026-09-12,2026-09-14T08:02:27Z,12854081,Modern Challenge 64,challenge,modern,Autumn 2026,2955614,DobleP,14,1
2026-09-12,2026-09-14T08:02:27Z,12854081,Modern Challenge 64,challenge,modern,Autumn 2026,1997683,hugofreitas1,15,1
2026-09-12,2026-09-14T08:02:27Z,12854081,Modern Challenge 64,challenge,modern,Autumn 2026,2498069,_Falcon_,16,1
2026-09-12,2026-09-14T08:02:27Z,12854081,Modern Challenge 64,challenge,modern,Autumn 2026,5694,bobthedog,17,0
2026-09-12,2026-09-14T08:02:27Z,12854081,Modern Challenge 64,challenge,modern,Autumn 2026,2691811,JustAnotherGuy83,18,0
2026-09-12,2026-09-14T08:02:27Z,12854081,Modern Challenge 64,challenge,modern,Autumn 2026,1010620,The_Phenom,19,0
2026-09-12,2026-09-14T08:02:27Z,12854081,Modern Challenge 64,challenge,modern,Autumn 2026,2304638,choobes,20,0
2026-09-12,2026-09-14T08:02:27Z,12854081,Modern Challenge 64,challenge,modern,Autumn 2026,2406137,Rainwalker83,21,0
2026-09-12,2026-09-14T08:02:27Z,12854081,Modern Challenge 64,challenge,modern,Autumn 2026,3572741,ArthurMorgan,22,0
2026-09-12,2026-09-14T08:02:27Z,12854081,Modern Challenge 64,challenge,modern,Autumn 2026,2877405,Darkchrome6538,23,0
2026-09-12,2026-09-14T08:02:27Z,12854081,Modern Challenge 64,challenge,modern,Autumn 2026,2747375,DemianDesposito10,24,0
2026-09-12,2026-09-14T08:02:27Z,12854081,Modern Challenge 64,challenge,modern,Autumn 2026,3485476,avishai-elma,25,0
2026-09-12,2026-09-14T08:02:27Z,12854081,Modern Challenge 64,challenge,modern,Autumn 2026,2266067,DylanGregory,26,0
2026-09-12,2026-09-14T08:02:27Z,12854081,Modern Challenge 64,challenge,modern,Autumn 2026,206029,Korw,27,0
2026-09-12,2026-09-14T08:02:27Z,12854081,Modern Challenge 64,challenge,modern,Autumn 2026,2903591,MeninoNey,28,0
2026-09-12,2026-09-14T08:02:27Z,12854081,Modern Challenge 64,challenge,modern,Autumn 2026,3185788,JhonnySeJugar,29,0
2026-09-12,2026-09-14T08:02:27Z,12854081,Modern Challenge 64,challenge,modern,Autumn 2026,2129541,Mistakenn,30,0
2026-09-12,2026-09-14T08:02:27Z,12854081,Modern Challenge 64,challenge,modern,Autumn 2026,3385120,ttv_kingjulien,31,0
2026-09-12,2026-09-14T08:02:27Z,12854081,Modern Challenge 64,challenge,modern,Autumn 2026,3131948,brunoprince,32,0
2026-09-13,2026-09-15T06:15:43Z,12854091,Modern Challenge 64,challenge,modern,Autumn 2026,1940271,BressD1,1,5
2026-09-13,2026-09-15T06:15:43Z,12854091,Modern Challenge 64,challenge,modern,Autumn 2026,3452649,MasterGarrix,2,4
2026-09-13,2026-09-15T06:15:43Z,12854091,Modern Challenge 64,challenge,modern,Autumn 2026,649380,Rvng,3,3
2026-09-13,2026-09-15T06:15:43Z,12854091,Modern Challenge 64,challenge,modern,Autumn 2026,2884439,myra00,4,3
2026-09-13,2026-09-15T06:15:43Z,12854091,Modern Challenge 64,challenge,modern,Autumn 2026,3535587,Venom01,5,2
2026-09-13,2026-09-15T06:15:43Z,12854091,Modern Challenge 64,challenge,modern,Autumn 2026,3085636,GigaChadSigmaMale,6,2
2026-09-13,2026-09-15T06:15:43Z,12854091,Modern Challenge 64,challenge,modern,Autumn 2026,2709708,Palenisk0,7,2
2026-09-13,2026-09-15T06:15:43Z,12854091,Modern Challenge 64,challenge,modern,Autumn 2026,1706283,Laplasjan,8,2
2026-09-13,2026-09-15T06:15:43Z,12854091,Modern Challenge 64,challenge,modern,Autumn 2026,3076886,Thunus,9,1
2026-09-13,2026-09-15T06:15:43Z,12854091,Modern Challenge 64,challenge,modern,Autumn 2026,774962,wallofspikes,10,1
2026-09-13,2026-09-15T06:15:43Z,12854091,Modern Challenge 64,challenge,modern,Autumn 2026,815932,unagieel,11,1
2026-09-13,2026-09-15T06:15:43Z,12854091,Modern Challenge 64,challenge,modern,Autumn 2026,2618500,Jumba,12,1
2026-09-13,2026-09-15T06:15:43Z,12854091,Modern Challenge 64,challenge,modern,Autumn 2026,2283377,VampireDiaries,13,1
2026-09-13,2026-09-15T06:15:43Z,12854091,Modern Challenge 64,challenge,modern,Autumn 2026,3138610,HoneycombH,14,1
2026-09-13,2026-09-15T06:15:43Z,12854091,Modern Challenge 64,challenge,modern,Autumn 2026,2908947,manohito,15,1
2026-09-13,2026-09-15T06:15:43Z,12854091,Modern Challenge 64,challenge,modern,Autumn 2026,3412001,Taddy_99,16,1
2026-09-13,2026-09-15T06:15:43Z,12854091,Modern Challenge 64,challenge,modern,Autumn 2026,1805036,maximusdee,17,0
2026-09-13,2026-09-15T06:15:43Z,12854091,Modern Challenge 64,challenge,modern,Autumn 2026,3315179,chagu,18,0
2026-09-13,2026-09-15T06:15:43Z,12854091,Modern Challenge 64,challenge,modern,Autumn 2026,2755417,Giox96,19,0
2026-09-13,2026-09-15T06:15:43Z,12854091,Modern Challenge 64,challenge,modern,Autumn 2026,2061056,matsumatsu,20,0
2026-09-13,2026-09-15T06:15:43Z,12854091,Modern Challenge 64,challenge,modern,Autumn 2026,2681378,Grischdl,21,0
2026-09-13,2026-09-15T06:15:43Z,12854091,Modern Challenge 64,challenge,modern,Autumn 2026,3227644,mommydom_manifesto,22,0
2026-09-13,2026-09-15T06:15:43Z,12854091,Modern Challenge 64,challenge,modern,Autumn 2026,1163110,Antarctica,23,0
2026-09-13,2026-09-15T06:15:43Z,12854091,Modern Challenge 64,challenge,modern,Autumn 2026,3560747,ipadkid,24,0
2026-09-13,2026-09-15T06:15:43Z,12854091,Modern Challenge 64,challenge,modern,Autumn 2026,1185021,GodOfSlaughter,25,0
2026-09-13,2026-09-15T06:15:43Z,12854091,Modern Challenge 64,challenge,modern,Autumn 2026,940897,Sciacallo_Rosso,26,0
2026-09-13,2026-09-15T06:15:43Z,12854091,Modern Challenge 64,challenge,modern,Autumn 2026,2688845,DelverOfBolts,27,0
2026-09-13,2026-09-15T06:15:43Z,12854091,Modern Challenge 64,challenge,modern,Autumn 2026,3123572,Marmotte_Lambda,28,0
2026-09-13,2026-09-15T06:15:43Z,12854091,Modern Challenge 64,challenge,modern,Autumn 2026,3470560,dawido,29,0
2026-09-13,2026-09-15T06:15:43Z,12854091,Modern Challenge 64,challenge,modern,Autumn 2026,1304755,Imaeda,30,0
2026-09-13,2026-09-15T06:15:43Z,12854091,Modern Challenge 64,challenge,modern,Autumn 2026,750888,LucasG1ggs,31,0
2026-09-13,2026-09-15T06:15:43Z,12854091,Modern Challenge 64,challenge,modern,Autumn 2026,2114447,Zoob5555,32,0
